"Address","Content Type","Status Code","Status","Crawl Depth","Inlinks"
"https://cdn.shopify.com/extensions/019f5b00-2b9c-78c2-a93f-f1d9aa4d2f51/quinn-live-1-485/assets/OverlayCarouselBody-svelte.js","text/javascript","200","OK","1","0"
"https://cdn.jsdelivr.net/npm/swiper@11/swiper-bundle.min.css","text/css; charset=utf-8","200","OK","1","0"
"https://cdn.shopify.com/storefront/standard-actions.js","text/javascript","200","OK","1","0"
"https://plausible.io/js/script.outbound-links.pageview-props.revenue.tagged-events.js","application/javascript","200","OK","1","0"
"https://cdn.shopify.com/extensions/019f8dc0-a56b-7c28-974b-c59425a3bee1/wishlist-club-255/assets/wishlistclub-autosetup.js","text/javascript","200","OK","1","0"
"https://www.youtube.com/@Inc.5ShoesOfficial","text/html; charset=utf-8","200","OK","1","82"
"https://www.facebook.com/inc5shoesofficial/","text/html; charset=""utf-8""","200","OK","1","82"
"https://cdn.shopify.com/extensions/019f5b00-2b9c-78c2-a93f-f1d9aa4d2f51/quinn-live-1-485/assets/quinn-floating.bundle.js","text/javascript","200","OK","1","0"
"https://cdn.shopify.com/extensions/019f5b00-2b9c-78c2-a93f-f1d9aa4d2f51/quinn-live-1-485/assets/CardAndStoryCarouselBody-svelte.js","text/javascript","200","OK","1","0"
"https://cdn.shopify.com/extensions/019f4bba-487d-7f9c-8df0-2c62675d8a6e/sale-kit-115/assets/salekit-v2.js","text/javascript","200","OK","1","0"
"https://cdn.shopify.com/extensions/019f8e88-d324-7004-ab9a-1308d5682eff/judgeme-646/assets/loader.js","text/javascript","200","OK","1","0"
"https://cdn.shopify.com/extensions/019f5b00-2b9c-78c2-a93f-f1d9aa4d2f51/quinn-live-1-485/assets/WidgetMedia-svelte.js","text/javascript","200","OK","1","0"
"https://cdn.jsdelivr.net/npm/swiper@11/swiper-bundle.min.js","application/javascript; charset=utf-8","200","OK","1","0"
"https://cdn.shopify.com/shopifycloud/storefront/assets/storefront/origin_trials-5059b83f.js","text/javascript","200","OK","1","0"
"https://cdn.shopify.com/extensions/019f5b00-2b9c-78c2-a93f-f1d9aa4d2f51/quinn-live-1-485/assets/quinn-live.bundle.js","text/javascript","200","OK","1","0"
"https://cdn.shopify.com/extensions/019f8d29-b646-788a-a0fc-c0186ab61d73/version_aabdc9e2-2026-07-23_11h09m/assets/bss-pl-style.min.css","text/css","200","OK","1","0"
"https://in.linkedin.com/company/inc.5-shoes-private-limited","text/html; charset=utf-8","200","OK","1","41"
"https://cdn.shopify.com/extensions/019f8e88-d324-7004-ab9a-1308d5682eff/judgeme-646/assets/shopify_v2.css","text/css","200","OK","1","0"
"https://www.instagram.com/inc5official","text/html; charset=""utf-8""","200","OK","1","82"
"https://in.pinterest.com/inc5shoes/","text/html; charset=utf-8","200","OK","1","82"
"https://www.googletagmanager.com/ns.html?id=GTM-THVPZ7FL","text/html; charset=UTF-8","200","OK","1","0"
"https://cdn.shopify.com/extensions/019f5b00-2b9c-78c2-a93f-f1d9aa4d2f51/quinn-live-1-485/assets/quinn-cards.bundle.js","text/javascript","200","OK","1","0"
"https://cdn.shopify.com/extensions/019f8340-2131-7b30-9888-34d15e18fb2a/countdown-timer-30-88/assets/countdown_timer_essential_apps.min.js","text/javascript","200","OK","1","0"
"https://cdn.shopify.com/extensions/019f5b00-2b9c-78c2-a93f-f1d9aa4d2f51/quinn-live-1-485/assets/WidgetText-svelte.js","text/javascript","200","OK","1","0"
"https://cdn.shopify.com/extensions/019f5b00-2b9c-78c2-a93f-f1d9aa4d2f51/quinn-live-1-485/assets/quinn-vendor.bundle.js","text/javascript","200","OK","1","0"
"https://inc5shop.clickpost.in/en","text/html; charset=utf-8","200","OK","1","123"
"https://inc5shop.clickpost.in/en/returns","text/html; charset=utf-8","200","OK","1","42"
"https://pdp.gokwik.co/merchant-integration/build/merchant.integration.js?v4","","0","Blocked by robots.txt","1","0"
"https://cdn.shopify.com/extensions/019f8dc0-a56b-7c28-974b-c59425a3bee1/wishlist-club-255/assets/wishlistclub.min.js","text/javascript","200","OK","1","0"
"https://cdn.shopify.com/s/files/1/0564/8826/3854/t/203/assets/tsw-js.js","text/javascript","200","OK","2","0"
"https://cdn.shopify.com/s/files/1/0564/8826/3854/t/203/compiled_assets/scripts.js","text/javascript","200","OK","2","0"
"https://cdn.shopify.com/shopifycloud/perf-kit/shopify-perf-kit-3.7.0.min.js","text/javascript","200","OK","2","0"
"https://cdn.shopify.com/s/files/1/0564/8826/3854/t/203/assets/details-modal.js","text/javascript","200","OK","2","0"
"https://cdn.shopify.com/shopifycloud/shop-js/modules/v2/loader.init-shop-cart-sync.en.esm.js","text/javascript","200","OK","2","0"
"https://cdn.shopify.com/s/files/1/0564/8826/3854/t/203/assets/constants.js","text/javascript","200","OK","2","0"
"https://cdn.shopify.com/s/files/1/0564/8826/3854/t/203/assets/base.css","text/css","200","OK","2","0"
"https://cdn.shopify.com/s/files/1/0564/8826/3854/t/203/assets/search-form.js","text/javascript","200","OK","2","0"
"https://cdn.shopify.com/extensions/019f7f4a-03a3-700a-849a-65160a48a247/clickpost-edd-staging-166/assets/clickpost-edd.css","text/css","200","OK","2","0"
"https://cdn.shopify.com/extensions/019f7f4a-03a3-700a-849a-65160a48a247/clickpost-edd-staging-166/assets/clickpost-edd.js","text/javascript","200","OK","2","0"
"https://www.googletagmanager.com/gtag/js?id=G-Z7JGKLREKL","application/javascript; charset=UTF-8","200","OK","2","0"
"https://cdn.shopify.com/extensions/019f7f4a-03a3-700a-849a-65160a48a247/clickpost-edd-staging-166/assets/ga-helpers.js","text/javascript","200","OK","2","0"
"https://cdn.shopify.com/s/files/1/0564/8826/3854/t/203/assets/tsw.css","text/css","200","OK","2","0"
"https://app.kiwisizing.com/web/js/dist/kiwiSizing/plugin/SizingPlugin.prod.js?v=339&shop=inc5shoesonline.myshopify.com","application/javascript","200","OK","2","0"
"https://cdn.jsdelivr.net/npm/slick-carousel@1.8.1/slick/slick.min.js","application/javascript; charset=utf-8","200","OK","2","0"
"https://cdn.shopify.com/extensions/019f455a-4fa1-7c03-aea8-57ec03bc13c6/omni-storelocator-app-2-307/assets/map-style.js","text/html; charset=utf-8","404","Not Found","2","0"
"https://cdn.shopify.com/extensions/019f455a-4fa1-7c03-aea8-57ec03bc13c6/omni-storelocator-app-2-307/assets/omni-store-locator.js","text/javascript","200","OK","2","0"
"https://code.jquery.com/jquery-3.6.0.min.js","application/javascript; charset=utf-8","200","OK","2","0"
"https://cdn.shopify.com/extensions/019f455a-4fa1-7c03-aea8-57ec03bc13c6/omni-storelocator-app-2-307/assets/omni-store-locator-1.js","text/javascript","200","OK","2","0"
"https://cdn.shopify.com/extensions/019f455a-4fa1-7c03-aea8-57ec03bc13c6/omni-storelocator-app-2-307/assets/my-app-style-new.css","text/css","200","OK","2","0"
"https://unpkg.com/@googlemaps/markerclusterer@2.0.3/dist/index.min.js","text/javascript; charset=utf-8","200","OK","2","0"
"https://maps.googleapis.com/maps/api/js?key=AIzaSyAgVD6WHEKK4lJLRquC9GV5N2FguwMHdtk","text/javascript; charset=UTF-8","200","OK","2","0"
"https://cdn.shopify.com/s/files/1/0564/8826/3854/t/203/assets/lazysizes.min.js","text/javascript","200","OK","2","0"
"https://cdn.shopify.com/s/files/1/0564/8826/3854/t/203/assets/zence-token.js","text/javascript","200","OK","2","0"
"https://cdn.shopify.com/s/files/1/0564/8826/3854/t/203/assets/details-disclosure.js","text/javascript","200","OK","2","0"
"https://cdn.shopify.com/s/files/1/0564/8826/3854/t/203/assets/pubsub.js","text/javascript","200","OK","2","0"
"https://cdn.shopify.com/s/files/1/0564/8826/3854/t/203/assets/tsw.js","text/javascript","200","OK","2","0"
"https://cdn.shopify.com/s/files/1/0564/8826/3854/t/203/assets/component-cart-items.css","text/css","200","OK","2","0"
"https://cdn.shopify.com/s/files/1/0564/8826/3854/t/203/assets/cart-notification.js","text/javascript","200","OK","2","0"
"https://cdn.shopify.com/shopifycloud/storefront/assets/storefront/load_feature-1bd60354.js","text/javascript","200","OK","2","0"
"https://cdn.shopify.com/s/files/1/0564/8826/3854/t/203/assets/component-predictive-search.css","text/css","200","OK","2","0"
"http://inc5shoes.co.in/","text/html; charset=UTF-8","301","Moved Permanently","2","1"
"https://cdn.shopify.com/s/files/1/0564/8826/3854/t/203/assets/predictive-search.js","text/javascript","200","OK","2","0"
"https://cdn.shopify.com/s/files/1/0564/8826/3854/t/203/assets/global.js","text/javascript","200","OK","2","0"
"https://cdn.shopify.com/s/files/1/0564/8826/3854/t/203/assets/show-more.js","text/javascript","200","OK","3","0"
"https://cdn.shopify.com/shopifycloud/portable-wallets/latest/portable-wallets.en.js","text/javascript","200","OK","3","0"
"https://cdn.shopify.com/s/files/1/0564/8826/3854/t/203/assets/pickup-availability.js","text/javascript","200","OK","3","0"
"https://cdn.shopify.com/s/files/1/0564/8826/3854/t/203/assets/product-modal.js","text/javascript","200","OK","3","0"
"https://cdn.shopify.com/s/files/1/0564/8826/3854/t/203/assets/facets.js","text/javascript","200","OK","3","0"
"https://cdn.shopify.com/shopifycloud/portable-wallets/latest/accelerated-checkout-backwards-compat.css","text/css","200","OK","3","0"
"https://cdn.shopify.com/s/files/1/0564/8826/3854/t/203/assets/product-form.js","text/javascript","200","OK","3","0"
"https://cdn.shopify.com/s/files/1/0564/8826/3854/t/203/assets/share.js","text/javascript","200","OK","3","0"
"https://cdn.shopify.com/s/files/1/0564/8826/3854/t/203/assets/media-gallery.js","text/javascript","200","OK","3","0"
"https://cdn.shopify.com/s/files/1/0564/8826/3854/t/203/assets/quantity-popover.js","text/javascript","200","OK","3","0"
"https://cdn.shopify.com/s/files/1/0564/8826/3854/t/203/assets/product-info.js","text/javascript","200","OK","3","0"
