keyword,normalized_keyword,intent,page_type,target_url,volume,difficulty,priority,sources,gsc_clicks,gsc_impressions,gsc_ctr,gsc_position,gsc_page,gsc_country,status,notes
ai content creation,ai content creation,commercial,product,https://www.strique.io/product,18100,MEDIUM 65,high,existing; keyword_planner,,,,,,,new,GKP volume 18100; competition MEDIUM 65
ai content creators,ai content creators,commercial,product,https://www.strique.io/product,18100,MEDIUM 65,high,existing; keyword_planner,,,,,,,new,GKP volume 18100; competition MEDIUM 65
ai for content creation,ai for content creation,commercial,product,https://www.strique.io/product,18100,MEDIUM 65,high,existing; keyword_planner,,,,,,,new,GKP volume 18100; competition MEDIUM 65
ai ad generator,ai ad generator,commercial,product,https://www.strique.io/product,2400,MEDIUM 63,high,existing; keyword_planner,,,,,,,new,GKP volume 2400; competition MEDIUM 63
ai advertisement generator,ai advertisement generator,commercial,product,https://www.strique.io/product,2400,MEDIUM 63,high,existing; keyword_planner,,,,,,,new,GKP volume 2400; competition MEDIUM 63
auto seo,auto seo,commercial,product,https://www.strique.io/product,2400,HIGH 70,high,existing; keyword_planner,,,,,,,new,GKP volume 2400; competition HIGH 70
automated seo optimization,automated seo optimization,commercial,product,https://www.strique.io/product,2400,HIGH 70,high,existing; keyword_planner,,,,,,,new,GKP volume 2400; competition HIGH 70
automatic seo optimization,automatic seo optimization,commercial,product,https://www.strique.io/product,2400,HIGH 70,high,existing; keyword_planner,,,,,,,new,GKP volume 2400; competition HIGH 70
seo automation,seo automation,commercial,product,https://www.strique.io/product,2400,HIGH 70,high,existing; keyword_planner,,,,,,,new,GKP volume 2400; competition HIGH 70
seo optimization automation,seo optimization automation,commercial,product,https://www.strique.io/product,2400,HIGH 70,high,existing; keyword_planner,,,,,,,new,GKP volume 2400; competition HIGH 70
ai tools for content creation,ai tools for content creation,commercial,product,https://www.strique.io/product,1900,LOW 27,high,existing; keyword_planner,,,,,,,new,GKP volume 1900; competition LOW 27
ai tools for content creators,ai tools for content creators,commercial,product,https://www.strique.io/product,1900,LOW 11,high,existing; keyword_planner,,,,,,,new,GKP volume 1900; competition LOW 11
ai content creation tools,ai content creation tools,commercial,product,https://www.strique.io/product,1600,LOW 10,high,existing; keyword_planner,,,,,,,new,GKP volume 1600; competition LOW 10
ai content creator,ai content creator,commercial,product,https://www.strique.io/product,1600,MEDIUM 59,high,existing; keyword_planner,,,,,,,new,GKP volume 1600; competition MEDIUM 59
ai content creator tools,ai content creator tools,commercial,product,https://www.strique.io/product,1600,LOW 10,high,existing; keyword_planner,,,,,,,new,GKP volume 1600; competition LOW 10
ai content generation,ai content generation,commercial,product,https://www.strique.io/product,1600,MEDIUM 59,high,existing; keyword_planner,,,,,,,new,GKP volume 1600; competition MEDIUM 59
ai marketing agent,ai marketing agent,commercial,product,https://www.strique.io/product,1600,LOW 29,high,existing; keyword_planner,,,,,,,new,GKP volume 1600; competition LOW 29
ai marketing platform,ai marketing platform,commercial,homepage,https://www.strique.io,1300,LOW 4,high,existing; keyword_planner,,,,,,,new,GKP volume 1300; competition LOW 4
artificial intelligence marketing platform,artificial intelligence marketing platform,commercial,homepage,https://www.strique.io,1300,LOW 4,high,existing; keyword_planner,,,,,,,new,GKP volume 1300; competition LOW 4
ai generated advertising,ai generated advertising,commercial,product,https://www.strique.io/product,1000,LOW 9,high,existing; keyword_planner,,,,,,,new,GKP volume 1000; competition LOW 9
ai powered content creation,ai powered content creation,commercial,product,https://www.strique.io/product,1000,LOW 4,high,existing; keyword_planner,,,,,,,new,GKP volume 1000; competition LOW 4
ai ad maker,ai ad maker,commercial,product,https://www.strique.io/product,880,MEDIUM 56,high,existing; keyword_planner,,,,,,,new,GKP volume 880; competition MEDIUM 56
ai ad generator free,ai ad generator free,commercial,product,https://www.strique.io/product,720,HIGH 67,high,existing; keyword_planner,,,,,,,new,GKP volume 720; competition HIGH 67
ai in marketing automation,ai in marketing automation,informational,blog,https://www.strique.io/blog/what-is-an-ai-marketing-agent,720,LOW 16,high,existing; keyword_planner,,,,,,,new,GKP volume 720; competition LOW 16
ai marketing automation,ai marketing automation,commercial,product,https://www.strique.io/product,720,LOW 11,high,existing; keyword_planner,,,,,,,new,GKP volume 720; competition LOW 11
marketing automation ai,marketing automation ai,commercial,product,https://www.strique.io/product,720,LOW 16,high,existing,,,,,,,new,GKP volume 720; competition LOW 16
marketing automation artificial intelligence,marketing automation artificial intelligence,commercial,product,https://www.strique.io/product,720,LOW 16,high,existing; keyword_planner,,,,,,,new,GKP volume 720; competition LOW 16
ai ad creator,ai ad creator,commercial,product,https://www.strique.io/product,590,MEDIUM 66,high,existing; keyword_planner,,,,,,,new,GKP volume 590; competition MEDIUM 66
ai ads creator,ai ads creator,commercial,product,https://www.strique.io/product,590,MEDIUM 66,high,existing; keyword_planner,,,,,,,new,GKP volume 590; competition MEDIUM 66
content automation platform,content automation platform,commercial,product,https://www.strique.io/product,590,LOW 2,high,existing; keyword_planner,,,,,,,new,GKP volume 590; competition LOW 2
content automation platforms,content automation platforms,commercial,product,https://www.strique.io/product,590,LOW 2,high,existing; keyword_planner,,,,,,,new,GKP volume 590; competition LOW 2
ai ads generator,ai ads generator,commercial,product,https://www.strique.io/product,480,HIGH 71,high,existing; keyword_planner,,,,,,,new,GKP volume 480; competition HIGH 71
ai marketing automation tools,ai marketing automation tools,commercial,product,https://www.strique.io/product,480,LOW 6,high,existing; keyword_planner,,,,,,,new,GKP volume 480; competition LOW 6
best ai marketing tools,best ai marketing tools,commercial,comparison,https://www.strique.io/vs,480,HIGH 68,high,existing; keyword_planner,,,,,,,new,GKP volume 480; competition HIGH 68
free ai ad generator,free ai ad generator,commercial,product,https://www.strique.io/product,390,HIGH 74,high,existing; keyword_planner,,,,,,,new,GKP volume 390; competition HIGH 74
ai marketing software,ai marketing software,commercial,product,https://www.strique.io/product,320,LOW 13,high,existing; keyword_planner,,,,,,,new,GKP volume 320; competition LOW 13
ecommerce marketing automation,ecommerce marketing automation,commercial,solutions,https://www.strique.io/solutions/ecommerce,320,LOW 3,high,existing; keyword_planner,,,,,,,new,GKP volume 320; competition LOW 3
content marketing automation,content marketing automation,commercial,product,https://www.strique.io/product,210,LOW 3,high,existing; keyword_planner,,,,,,,new,GKP volume 210; competition LOW 3
marketing automation content marketing,marketing automation content marketing,commercial,product,https://www.strique.io/product,210,LOW 3,high,existing; keyword_planner,,,,,,,new,GKP volume 210; competition LOW 3
ai powered marketing automation,ai powered marketing automation,commercial,product,https://www.strique.io/product,170,LOW 3,high,existing; keyword_planner,,,,,,,new,GKP volume 170; competition LOW 3
free ai marketing tools,free ai marketing tools,commercial,product,https://www.strique.io/product,140,HIGH 86,high,existing; keyword_planner,,,,,,,new,GKP volume 140; competition HIGH 86
shopify marketing automation,shopify marketing automation,commercial,solutions,https://www.strique.io/solutions/ecommerce,140,LOW 6,high,existing; keyword_planner,,,,,,,new,GKP volume 140; competition LOW 6
ai ad creation,ai ad creation,commercial,product,https://www.strique.io/product,110,HIGH 76,high,existing; keyword_planner,,,,,,,new,GKP volume 110; competition HIGH 76
ai for marketing automation,ai for marketing automation,commercial,product,https://www.strique.io/product,110,LOW 7,high,existing; keyword_planner,,,,,,,new,GKP volume 110; competition LOW 7
ai ad creator free,ai ad creator free,commercial,product,https://www.strique.io/product,90,HIGH 71,high,existing; keyword_planner,,,,,,,new,GKP volume 90; competition HIGH 71
ai driven marketing automation,ai driven marketing automation,commercial,product,https://www.strique.io/product,90,LOW 5,high,existing; keyword_planner,,,,,,,new,GKP volume 90; competition LOW 5
ecommerce marketing automation platform,ecommerce marketing automation platform,commercial,solutions,https://www.strique.io/solutions/ecommerce,90,LOW 2,high,existing; keyword_planner,,,,,,,new,GKP volume 90; competition LOW 2
agentic ai marketing,agentic ai marketing,commercial,product,https://www.strique.io/product,70,MEDIUM 37,high,existing; keyword_planner,,,,,,,new,GKP volume 70; competition MEDIUM 37
ai ad creative generator,ai ad creative generator,commercial,product,https://www.strique.io/product,70,MEDIUM 60,high,existing; keyword_planner,,,,,,,new,GKP volume 70; competition MEDIUM 60
ai marketing analytics,ai marketing analytics,commercial,product,https://www.strique.io/product,70,LOW 8,high,existing; keyword_planner,,,,,,,new,GKP volume 70; competition LOW 8
ai marketing tools free,ai marketing tools free,commercial,product,https://www.strique.io/product,70,MEDIUM 46,high,existing; keyword_planner,,,,,,,new,GKP volume 70; competition MEDIUM 46
content marketing automation tools,content marketing automation tools,commercial,product,https://www.strique.io/product,70,LOW 1,high,existing; keyword_planner,,,,,,,new,GKP volume 70; competition LOW 1
free ai ad creator,free ai ad creator,commercial,product,https://www.strique.io/product,70,HIGH 77,high,existing; keyword_planner,,,,,,,new,GKP volume 70; competition HIGH 77
machine learning marketing automation,machine learning marketing automation,commercial,product,https://www.strique.io/product,70,LOW,high,existing; keyword_planner,,,,,,,new,GKP volume 70; competition LOW
top ai marketing tools,top ai marketing tools,commercial,comparison,https://www.strique.io/vs,70,MEDIUM 39,high,existing; keyword_planner,,,,,,,new,GKP volume 70; competition MEDIUM 39
ecommerce marketing automation software,ecommerce marketing automation software,commercial,solutions,https://www.strique.io/solutions/ecommerce,50,LOW,high,existing; keyword_planner,,,,,,,new,GKP volume 50; competition LOW
marketing automation reporting,marketing automation reporting,commercial,product,https://www.strique.io/product,50,LOW 2,high,existing; keyword_planner,,,,,,,new,GKP volume 50; competition LOW 2
ai ad optimization,ai ad optimization,commercial,product,https://www.strique.io/product,40,MEDIUM 37,high,existing; keyword_planner,,,,,,,new,GKP volume 40; competition MEDIUM 37
content marketing automation software,content marketing automation software,commercial,product,https://www.strique.io/product,40,LOW 2,high,existing; keyword_planner,,,,,,,new,GKP volume 40; competition LOW 2
marketing automation and ai,marketing automation and ai,commercial,product,https://www.strique.io/product,40,LOW 1,high,existing; keyword_planner,,,,,,,new,GKP volume 40; competition LOW 1
marketing automation using ai,marketing automation using ai,commercial,product,https://www.strique.io/product,40,LOW 6,high,existing; keyword_planner,,,,,,,new,GKP volume 40; competition LOW 6
strique,strique,navigational,homepage,https://www.strique.io,40,LOW 6,high,existing; keyword_planner,,,,,,,new,GKP volume 40; competition LOW 6
top ai marketing platforms,top ai marketing platforms,commercial,comparison,https://www.strique.io/vs,40,LOW 4,high,existing; keyword_planner,,,,,,,new,GKP volume 40; competition LOW 4
ai and marketing automation,ai and marketing automation,commercial,product,https://www.strique.io/product,30,LOW 15,high,existing; keyword_planner,,,,,,,new,GKP volume 30; competition LOW 15
ai based marketing automation,ai based marketing automation,commercial,product,https://www.strique.io/product,30,LOW,high,existing; keyword_planner,,,,,,,new,GKP volume 30; competition LOW
ai marketing startup,ai marketing startup,commercial,product,https://www.strique.io/product,30,LOW 56,high,existing; keyword_planner,,,,,,,new,GKP volume 30; competition LOW 56
best ai marketing software,best ai marketing software,commercial,comparison,https://www.strique.io/vs,30,MEDIUM 41,high,existing; keyword_planner,,,,,,,new,GKP volume 30; competition MEDIUM 41
content marketing automation platform,content marketing automation platform,commercial,product,https://www.strique.io/product,30,LOW,high,existing; keyword_planner,,,,,,,new,GKP volume 30; competition LOW
ecommerce email marketing automation,ecommerce email marketing automation,commercial,solutions,https://www.strique.io/solutions/ecommerce,30,LOW 10,high,existing; keyword_planner,,,,,,,new,GKP volume 30; competition LOW 10
growth marketing automation,growth marketing automation,commercial,product,https://www.strique.io/product,30,LOW,high,existing; keyword_planner,,,,,,,new,GKP volume 30; competition LOW
marketing automation tools for ecommerce,marketing automation tools for ecommerce,commercial,solutions,https://www.strique.io/solutions/ecommerce,30,LOW,high,existing; keyword_planner,,,,,,,new,GKP volume 30; competition LOW
best marketing automation for ecommerce,best marketing automation for ecommerce,commercial,comparison,https://www.strique.io/solutions/ecommerce,20,LOW 0,high,existing; keyword_planner,,,,,,,new,GKP volume 20; competition LOW 0
email marketing automation for ecommerce,email marketing automation for ecommerce,commercial,solutions,https://www.strique.io/solutions/ecommerce,20,LOW 16,high,existing; keyword_planner,,,,,,,new,GKP volume 20; competition LOW 16
adwords marketing automation,adwords marketing automation,commercial,integration,https://www.strique.io/integrations/google-ads,10,,high,existing; keyword_planner,,,,,,,new,GKP volume 10
ai ad copy generator free,ai ad copy generator free,commercial,product,https://www.strique.io/product,10,LOW,high,existing; keyword_planner,,,,,,,new,GKP volume 10; competition LOW
ai marketing os,ai marketing os,commercial,product,https://www.strique.io/product,10,HIGH 75,high,existing; keyword_planner,,,,,,,new,GKP volume 10; competition HIGH 75
best content marketing automation tools,best content marketing automation tools,commercial,comparison,https://www.strique.io/vs,10,LOW,high,existing; keyword_planner,,,,,,,new,GKP volume 10; competition LOW
best ecommerce marketing automation software,best ecommerce marketing automation software,commercial,comparison,https://www.strique.io/vs,10,,high,existing; keyword_planner,,,,,,,new,GKP volume 10
best ecommerce marketing automation tools,best ecommerce marketing automation tools,commercial,comparison,https://www.strique.io/vs,10,,high,existing; keyword_planner,,,,,,,new,GKP volume 10
content marketing marketing automation,content marketing marketing automation,commercial,product,https://www.strique.io/product,10,LOW,high,existing; keyword_planner,,,,,,,new,GKP volume 10; competition LOW
customer lifecycle marketing automation,customer lifecycle marketing automation,commercial,product,https://www.strique.io/product,10,LOW,high,existing; keyword_planner,,,,,,,new,GKP volume 10; competition LOW
d2c marketing automation,d2c marketing automation,commercial,solutions,https://www.strique.io/solutions/ecommerce,10,MEDIUM 62,high,existing; keyword_planner,,,,,,,new,GKP volume 10; competition MEDIUM 62
dtc marketing automation,dtc marketing automation,commercial,solutions,https://www.strique.io/solutions/ecommerce,10,LOW,high,existing; keyword_planner,,,,,,,new,GKP volume 10; competition LOW
ecommerce marketing automation tools,ecommerce marketing automation tools,commercial,solutions,https://www.strique.io/solutions/ecommerce,10,LOW,high,existing; keyword_planner,,,,,,,new,GKP volume 10; competition LOW
free ai ad copy generator,free ai ad copy generator,commercial,product,https://www.strique.io/product,10,MEDIUM 36,high,existing; keyword_planner,,,,,,,new,GKP volume 10; competition MEDIUM 36
intelligent marketing automation,intelligent marketing automation,commercial,product,https://www.strique.io/product,10,LOW 17,high,existing; keyword_planner,,,,,,,new,GKP volume 10; competition LOW 17
lifecycle marketing automation,lifecycle marketing automation,commercial,product,https://www.strique.io/product,10,LOW,high,existing; keyword_planner,,,,,,,new,GKP volume 10; competition LOW
machine learning and marketing automation,machine learning and marketing automation,commercial,product,https://www.strique.io/product,10,LOW,high,existing; keyword_planner,,,,,,,new,GKP volume 10; competition LOW
marketing automation content strategy,marketing automation content strategy,commercial,product,https://www.strique.io/product,10,LOW,high,existing; keyword_planner,,,,,,,new,GKP volume 10; competition LOW
marketing automation for growth teams,marketing automation for growth teams,commercial,product,https://www.strique.io/product,10,,high,existing; keyword_planner,,,,,,,new,GKP volume 10
marketing automation google ads,marketing automation google ads,commercial,integration,https://www.strique.io/integrations/google-ads,10,,high,existing; keyword_planner,,,,,,,new,GKP volume 10
marketing automation growth,marketing automation growth,commercial,product,https://www.strique.io/product,10,,high,existing; keyword_planner,,,,,,,new,GKP volume 10
strique ai,strique ai,navigational,homepage,https://www.strique.io,10,MEDIUM 43,high,existing; keyword_planner,,,,,,,new,GKP volume 10; competition MEDIUM 43
strique io,strique io,navigational,homepage,https://www.strique.io,10,LOW 14,high,existing; keyword_planner,,,,,,,new,GKP volume 10; competition LOW 14
agentic ai marketing platform,agentic ai marketing platform,commercial,product,https://www.strique.io/product,,,high,existing; keyword_planner,,,,,,,new,Seeded from normalized keyword research evidence
marketing agent platform,marketing agent platform,commercial,product,https://www.strique.io/product,,,high,existing; keyword_planner,,,,,,,new,Seeded from normalized keyword research evidence
ai powered content generation,ai powered content generation,commercial,product,https://www.strique.io/product,480,LOW 16,medium,existing; keyword_planner,,,,,,,new,GKP volume 480; competition LOW 16
best ai tools for marketing,best ai tools for marketing,commercial,comparison,https://www.strique.io/vs,480,MEDIUM 52,medium,existing; keyword_planner,,,,,,,new,GKP volume 480; competition MEDIUM 52
ai content generation tools,ai content generation tools,commercial,product,https://www.strique.io/product,390,LOW 10,medium,existing; keyword_planner,,,,,,,new,GKP volume 390; competition LOW 10
automated seo platform,automated seo platform,commercial,product,https://www.strique.io/product,390,LOW 1,medium,existing; keyword_planner,,,,,,,new,GKP volume 390; competition LOW 1
seo automation platform,seo automation platform,commercial,product,https://www.strique.io/product,390,LOW 1,medium,existing; keyword_planner,,,,,,,new,GKP volume 390; competition LOW 1
artificial intelligence marketing software,artificial intelligence marketing software,commercial,product,https://www.strique.io/product,320,LOW 13,medium,existing; keyword_planner,,,,,,,new,GKP volume 320; competition LOW 13
automated content creation,automated content creation,commercial,product,https://www.strique.io/product,320,LOW 19,medium,existing; keyword_planner,,,,,,,new,GKP volume 320; competition LOW 19
automating content creation,automating content creation,commercial,product,https://www.strique.io/product,320,LOW 19,medium,existing,,,,,,,new,GKP volume 320; competition LOW 19
content creation ai,content creation ai,commercial,product,https://www.strique.io/product,320,HIGH 69,medium,existing; keyword_planner,,,,,,,new,GKP volume 320; competition HIGH 69
free ai tool for content creation,free ai tool for content creation,commercial,product,https://www.strique.io/product,320,MEDIUM 53,medium,existing; keyword_planner,,,,,,,new,GKP volume 320; competition MEDIUM 53
free ai tools for content creation,free ai tools for content creation,commercial,product,https://www.strique.io/product,320,MEDIUM 53,medium,existing; keyword_planner,,,,,,,new,GKP volume 320; competition MEDIUM 53
ai content creation software,ai content creation software,commercial,product,https://www.strique.io/product,260,LOW 3,medium,existing; keyword_planner,,,,,,,new,GKP volume 260; competition LOW 3
ai seo content generator,ai seo content generator,commercial,product,https://www.strique.io/product,260,LOW 12,medium,existing; keyword_planner,,,,,,,new,GKP volume 260; competition LOW 12
best ai tools for content creation,best ai tools for content creation,commercial,comparison,https://www.strique.io/vs,260,MEDIUM 49,medium,existing; keyword_planner,,,,,,,new,GKP volume 260; competition MEDIUM 49
content automation,content automation,commercial,product,https://www.strique.io/product,260,LOW 19,medium,existing; keyword_planner,,,,,,,new,GKP volume 260; competition LOW 19
seo for auto,seo for auto,commercial,product,https://www.strique.io/product,260,LOW 3,medium,existing; keyword_planner,,,,,,,new,GKP volume 260; competition LOW 3
ad maker ai,ad maker ai,commercial,product,https://www.strique.io/product,210,HIGH 67,medium,existing; keyword_planner,,,,,,,new,GKP volume 210; competition HIGH 67
ai advertising platform,ai advertising platform,commercial,product,https://www.strique.io/product,210,HIGH 82,medium,existing; keyword_planner,,,,,,,new,GKP volume 210; competition HIGH 82
ai content marketing tools,ai content marketing tools,commercial,product,https://www.strique.io/product,210,LOW 2,medium,existing,,,,,,,new,GKP volume 210; competition LOW 2
content generation ai,content generation ai,commercial,product,https://www.strique.io/product,210,LOW 1,medium,existing; keyword_planner,,,,,,,new,GKP volume 210; competition LOW 1
create ads with ai,create ads with ai,commercial,product,https://www.strique.io/product,210,MEDIUM 64,medium,existing; keyword_planner,,,,,,,new,GKP volume 210; competition MEDIUM 64
free ai tools for marketing,free ai tools for marketing,commercial,product,https://www.strique.io/product,210,MEDIUM 46,medium,existing; keyword_planner,,,,,,,new,GKP volume 210; competition MEDIUM 46
sales automation ai,sales automation ai,commercial,product,https://www.strique.io/product,210,LOW 14,medium,existing; keyword_planner,,,,,,,new,GKP volume 210; competition LOW 14
ad generator ai,ad generator ai,commercial,product,https://www.strique.io/product,170,MEDIUM 48,medium,existing; keyword_planner,,,,,,,new,GKP volume 170; competition MEDIUM 48
advertising integration,advertising integration,informational,blog,https://www.strique.io/blog,170,LOW 12,medium,existing,,,,,,,new,GKP volume 170; competition LOW 12
ai driven content creation,ai driven content creation,commercial,product,https://www.strique.io/product,170,LOW 27,medium,existing; keyword_planner,,,,,,,new,GKP volume 170; competition LOW 27
automated seo monitoring,automated seo monitoring,commercial,product,https://www.strique.io/product,170,LOW,medium,existing; keyword_planner,,,,,,,new,GKP volume 170; competition LOW
ecommerce automation software,ecommerce automation software,commercial,solutions,https://www.strique.io/solutions/ecommerce,170,LOW 3,medium,existing,,,,,,,new,GKP volume 170; competition LOW 3
free ai for content creation,free ai for content creation,commercial,product,https://www.strique.io/product,170,HIGH 69,medium,existing; keyword_planner,,,,,,,new,GKP volume 170; competition HIGH 69
ad creator ai,ad creator ai,commercial,product,https://www.strique.io/product,140,HIGH 75,medium,existing; keyword_planner,,,,,,,new,GKP volume 140; competition HIGH 75
ai email automation,ai email automation,commercial,product,https://www.strique.io/product,140,LOW 32,medium,existing; keyword_planner,,,,,,,new,GKP volume 140; competition LOW 32
ai video ad creator,ai video ad creator,commercial,product,https://www.strique.io/product,140,MEDIUM 46,medium,existing; keyword_planner,,,,,,,new,GKP volume 140; competition MEDIUM 46
automated content generation,automated content generation,commercial,product,https://www.strique.io/product,140,LOW 10,medium,existing; keyword_planner,,,,,,,new,GKP volume 140; competition LOW 10
automatic content creator,automatic content creator,commercial,product,https://www.strique.io/product,140,LOW 10,medium,existing; keyword_planner,,,,,,,new,GKP volume 140; competition LOW 10
best marketing ai tools,best marketing ai tools,commercial,comparison,https://www.strique.io/vs,140,MEDIUM 50,medium,existing; keyword_planner,,,,,,,new,GKP volume 140; competition MEDIUM 50
content generation tool,content generation tool,commercial,product,https://www.strique.io/product,140,MEDIUM 37,medium,existing; keyword_planner,,,,,,,new,GKP volume 140; competition MEDIUM 37
marketing automations shopify,marketing automations shopify,commercial,solutions,https://www.strique.io/solutions/ecommerce,140,LOW 6,medium,existing; keyword_planner,,,,,,,new,GKP volume 140; competition LOW 6
shopify marketing automations,shopify marketing automations,commercial,solutions,https://www.strique.io/solutions/ecommerce,140,LOW 6,medium,existing; keyword_planner,,,,,,,new,GKP volume 140; competition LOW 6
top ai tools for marketing,top ai tools for marketing,commercial,comparison,https://www.strique.io/vs,140,LOW 22,medium,existing; keyword_planner,,,,,,,new,GKP volume 140; competition LOW 22
ai in content creation,ai in content creation,commercial,product,https://www.strique.io/product,110,LOW 19,medium,existing; keyword_planner,,,,,,,new,GKP volume 110; competition LOW 19
ai digital marketing tools,ai digital marketing tools,commercial,product,https://www.strique.io/product,90,LOW 14,medium,existing,,,,,,,new,GKP volume 90; competition LOW 14
ai in content marketing,ai in content marketing,commercial,product,https://www.strique.io/product,90,LOW 8,medium,existing; keyword_planner,,,,,,,new,GKP volume 90; competition LOW 8
ai video ads generator,ai video ads generator,commercial,product,https://www.strique.io/product,90,MEDIUM 65,medium,existing; keyword_planner,,,,,,,new,GKP volume 90; competition MEDIUM 65
best ai tool for digital marketing,best ai tool for digital marketing,commercial,comparison,https://www.strique.io/vs,90,LOW 32,medium,existing; keyword_planner,,,,,,,new,GKP volume 90; competition LOW 32
best ai tools for digital marketing,best ai tools for digital marketing,commercial,comparison,https://www.strique.io/vs,90,LOW 32,medium,existing; keyword_planner,,,,,,,new,GKP volume 90; competition LOW 32
content automation tools,content automation tools,commercial,product,https://www.strique.io/product,90,LOW 13,medium,existing; keyword_planner,,,,,,,new,GKP volume 90; competition LOW 13
content creation ai tools,content creation ai tools,commercial,product,https://www.strique.io/product,90,MEDIUM 47,medium,existing; keyword_planner,,,,,,,new,GKP volume 90; competition MEDIUM 47
ai creating content,ai creating content,commercial,product,https://www.strique.io/product,70,LOW 20,medium,existing; keyword_planner,,,,,,,new,GKP volume 70; competition LOW 20
automated marketing reports,automated marketing reports,commercial,product,https://www.strique.io/product,70,LOW 24,medium,existing; keyword_planner,,,,,,,new,GKP volume 70; competition LOW 24
create content with ai,create content with ai,commercial,product,https://www.strique.io/product,70,MEDIUM 56,medium,existing; keyword_planner,,,,,,,new,GKP volume 70; competition MEDIUM 56
creating content with ai,creating content with ai,commercial,product,https://www.strique.io/product,70,MEDIUM 56,medium,existing; keyword_planner,,,,,,,new,GKP volume 70; competition MEDIUM 56
marketing ai platform,marketing ai platform,commercial,product,https://www.strique.io/product,70,LOW 33,medium,existing; keyword_planner,,,,,,,new,GKP volume 70; competition LOW 33
social media marketing ai,social media marketing ai,commercial,product,https://www.strique.io/product,70,HIGH 71,medium,existing; keyword_planner,,,,,,,new,GKP volume 70; competition HIGH 71
ai create ads,ai create ads,commercial,product,https://www.strique.io/product,50,MEDIUM 42,medium,existing; keyword_planner,,,,,,,new,GKP volume 50; competition MEDIUM 42
ai created ads,ai created ads,commercial,product,https://www.strique.io/product,50,MEDIUM 40,medium,keyword_planner,,,,,,,new,GKP volume 50; competition MEDIUM 40
ai creation software,ai creation software,commercial,product,https://www.strique.io/product,50,MEDIUM 40,medium,keyword_planner,,,,,,,new,GKP volume 50; competition MEDIUM 40
ai for content creators,ai for content creators,commercial,product,https://www.strique.io/product,50,MEDIUM 46,medium,keyword_planner,,,,,,,new,GKP volume 50; competition MEDIUM 46
ai for content generation,ai for content generation,commercial,product,https://www.strique.io/product,50,LOW 7,medium,keyword_planner,,,,,,,new,GKP volume 50; competition LOW 7
best ai content creation tools,best ai content creation tools,commercial,comparison,https://www.strique.io/vs,50,LOW 25,medium,keyword_planner,,,,,,,new,GKP volume 50; competition LOW 25
best ai content creator,best ai content creator,commercial,comparison,https://www.strique.io/vs,50,HIGH 81,medium,keyword_planner,,,,,,,new,GKP volume 50; competition HIGH 81
best free ai tools for digital marketing,best free ai tools for digital marketing,commercial,comparison,https://www.strique.io/vs,50,LOW 6,medium,keyword_planner,,,,,,,new,GKP volume 50; competition LOW 6
content ai tools,content ai tools,commercial,product,https://www.strique.io/product,50,MEDIUM 33,medium,keyword_planner,,,,,,,new,GKP volume 50; competition MEDIUM 33
content automation software,content automation software,commercial,product,https://www.strique.io/product,50,LOW 31,medium,keyword_planner,,,,,,,new,GKP volume 50; competition LOW 31
marketing ai software,marketing ai software,commercial,product,https://www.strique.io/product,50,LOW 17,medium,keyword_planner,,,,,,,new,GKP volume 50; competition LOW 17
marketing reporting automation,marketing reporting automation,commercial,product,https://www.strique.io/product,50,LOW 2,medium,keyword_planner,,,,,,,new,GKP volume 50; competition LOW 2
ad creation ai,ad creation ai,commercial,product,https://www.strique.io/product,40,HIGH 71,medium,keyword_planner,,,,,,,new,GKP volume 40; competition HIGH 71
ai and content creation,ai and content creation,commercial,product,https://www.strique.io/product,40,LOW 31,medium,keyword_planner,,,,,,,new,GKP volume 40; competition LOW 31
ai content creation free,ai content creation free,commercial,product,https://www.strique.io/product,40,MEDIUM 60,medium,keyword_planner,,,,,,,new,GKP volume 40; competition MEDIUM 60
ai in marketing analytics,ai in marketing analytics,commercial,product,https://www.strique.io/product,40,LOW 18,medium,keyword_planner,,,,,,,new,GKP volume 40; competition LOW 18
ai to create ads,ai to create ads,commercial,product,https://www.strique.io/product,40,MEDIUM 58,medium,keyword_planner,,,,,,,new,GKP volume 40; competition MEDIUM 58
automated seo tasks,automated seo tasks,commercial,product,https://www.strique.io/product,40,LOW,medium,keyword_planner,,,,,,,new,GKP volume 40; competition LOW
content creation with ai,content creation with ai,commercial,product,https://www.strique.io/product,40,LOW 22,medium,keyword_planner,,,,,,,new,GKP volume 40; competition LOW 22
free ai content creation tools,free ai content creation tools,commercial,product,https://www.strique.io/product,40,HIGH 69,medium,keyword_planner,,,,,,,new,GKP volume 40; competition HIGH 69
generate ads with ai,generate ads with ai,commercial,product,https://www.strique.io/product,40,MEDIUM 38,medium,keyword_planner,,,,,,,new,GKP volume 40; competition MEDIUM 38
using ai for content creation,using ai for content creation,commercial,product,https://www.strique.io/product,40,MEDIUM 59,medium,keyword_planner,,,,,,,new,GKP volume 40; competition MEDIUM 59
ai automated content creation,ai automated content creation,commercial,product,https://www.strique.io/product,30,MEDIUM 35,medium,keyword_planner,,,,,,,new,GKP volume 30; competition MEDIUM 35
ai digital marketing platform,ai digital marketing platform,commercial,product,https://www.strique.io/product,30,LOW 9,medium,keyword_planner,,,,,,,new,GKP volume 30; competition LOW 9
automated content creation tools,automated content creation tools,commercial,product,https://www.strique.io/product,30,HIGH 74,medium,keyword_planner,,,,,,,new,GKP volume 30; competition HIGH 74
automation in seo,automation in seo,commercial,product,https://www.strique.io/product,30,LOW 9,medium,keyword_planner,,,,,,,new,GKP volume 30; competition LOW 9
content creation using ai,content creation using ai,commercial,product,https://www.strique.io/product,30,MEDIUM 33,medium,keyword_planner,,,,,,,new,GKP volume 30; competition MEDIUM 33
ecommerce automation platform,ecommerce automation platform,commercial,solutions,https://www.strique.io/solutions/ecommerce,30,LOW,medium,keyword_planner,,,,,,,new,GKP volume 30; competition LOW
email automation for ecommerce,email automation for ecommerce,commercial,solutions,https://www.strique.io/solutions/ecommerce,30,LOW 8,medium,keyword_planner,,,,,,,new,GKP volume 30; competition LOW 8
free ai tools for digital marketing,free ai tools for digital marketing,commercial,product,https://www.strique.io/product,30,LOW 7,medium,keyword_planner,,,,,,,new,GKP volume 30; competition LOW 7
use ai to create content,use ai to create content,commercial,product,https://www.strique.io/product,30,MEDIUM 44,medium,keyword_planner,,,,,,,new,GKP volume 30; competition MEDIUM 44
ad create ai,ad create ai,commercial,product,https://www.strique.io/product,20,MEDIUM 49,medium,keyword_planner,,,,,,,new,GKP volume 20; competition MEDIUM 49
ai and automation in marketing,ai and automation in marketing,commercial,product,https://www.strique.io/product,20,MEDIUM 62,medium,keyword_planner,,,,,,,new,GKP volume 20; competition MEDIUM 62
ai based content creation,ai based content creation,commercial,product,https://www.strique.io/product,20,LOW 16,medium,keyword_planner,,,,,,,new,GKP volume 20; competition LOW 16
ai based content generation,ai based content generation,commercial,product,https://www.strique.io/product,20,LOW,medium,keyword_planner,,,,,,,new,GKP volume 20; competition LOW
ai seo text generator,ai seo text generator,commercial,product,https://www.strique.io/product,20,LOW 10,medium,keyword_planner,,,,,,,new,GKP volume 20; competition LOW 10
ai software for marketing,ai software for marketing,commercial,product,https://www.strique.io/product,20,LOW 31,medium,keyword_planner,,,,,,,new,GKP volume 20; competition LOW 31
ai to create content,ai to create content,commercial,product,https://www.strique.io/product,20,LOW,medium,keyword_planner,,,,,,,new,GKP volume 20; competition LOW
automated content creation software,automated content creation software,commercial,product,https://www.strique.io/product,20,LOW,medium,keyword_planner,,,,,,,new,GKP volume 20; competition LOW
automated content generation software,automated content generation software,commercial,product,https://www.strique.io/product,20,LOW,medium,keyword_planner,,,,,,,new,GKP volume 20; competition LOW
automated seo analysis,automated seo analysis,commercial,product,https://www.strique.io/product,20,LOW 3,medium,keyword_planner,,,,,,,new,GKP volume 20; competition LOW 3
best seo automation,best seo automation,commercial,comparison,https://www.strique.io/vs,20,LOW 22,medium,keyword_planner,,,,,,,new,GKP volume 20; competition LOW 22
content create ai,content create ai,commercial,product,https://www.strique.io/product,20,MEDIUM 42,medium,keyword_planner,,,,,,,new,GKP volume 20; competition MEDIUM 42
content creator ai free,content creator ai free,commercial,product,https://www.strique.io/product,20,HIGH 86,medium,keyword_planner,,,,,,,new,GKP volume 20; competition HIGH 86
create content using ai,create content using ai,commercial,product,https://www.strique.io/product,20,LOW 10,medium,keyword_planner,,,,,,,new,GKP volume 20; competition LOW 10
free ai content creation,free ai content creation,commercial,product,https://www.strique.io/product,20,LOW 27,medium,keyword_planner,,,,,,,new,GKP volume 20; competition LOW 27
machine learning in marketing analytics,machine learning in marketing analytics,commercial,product,https://www.strique.io/product,20,LOW,medium,keyword_planner,,,,,,,new,GKP volume 20; competition LOW
marketing analytics ai,marketing analytics ai,commercial,product,https://www.strique.io/product,20,HIGH 69,medium,keyword_planner,,,,,,,new,GKP volume 20; competition HIGH 69
marketing analytics machine learning,marketing analytics machine learning,commercial,product,https://www.strique.io/product,20,LOW,medium,keyword_planner,,,,,,,new,GKP volume 20; competition LOW
automate your marketing for ecommerce,automate your marketing for ecommerce,commercial,solutions,https://www.strique.io/solutions/ecommerce,10,LOW,medium,keyword_planner,,,,,,,new,GKP volume 10; competition LOW
automated emails for ecommerce,automated emails for ecommerce,commercial,solutions,https://www.strique.io/solutions/ecommerce,10,LOW,medium,keyword_planner,,,,,,,new,GKP volume 10; competition LOW
best ai tools in marketing,best ai tools in marketing,commercial,comparison,https://www.strique.io/vs,10,LOW 7,medium,keyword_planner,,,,,,,new,GKP volume 10; competition LOW 7
best content generation tool,best content generation tool,commercial,comparison,https://www.strique.io/vs,10,,medium,keyword_planner,,,,,,,new,GKP volume 10
best ecommerce automation tools,best ecommerce automation tools,commercial,comparison,https://www.strique.io/vs,10,LOW,medium,keyword_planner,,,,,,,new,GKP volume 10; competition LOW
best ecommerce email automation,best ecommerce email automation,commercial,comparison,https://www.strique.io/vs,10,LOW,medium,keyword_planner,,,,,,,new,GKP volume 10; competition LOW
best free ai writing software,best free ai writing software,commercial,comparison,https://www.strique.io/vs,10,MEDIUM 62,medium,keyword_planner,,,,,,,new,GKP volume 10; competition MEDIUM 62
top ai content generation tools,top ai content generation tools,commercial,comparison,https://www.strique.io/vs,10,MEDIUM 46,medium,keyword_planner,,,,,,,new,GKP volume 10; competition MEDIUM 46
ad copy generator free,ad copy generator free,commercial,product,https://www.strique.io/product,10,LOW,low,keyword_planner,,,,,,,new,GKP volume 10; competition LOW
ai based marketing strategy startups,ai based marketing strategy startups,commercial,product,https://www.strique.io/product,10,,low,keyword_planner,,,,,,,new,GKP volume 10
ai for creating content,ai for creating content,commercial,product,https://www.strique.io/product,10,MEDIUM 59,low,keyword_planner,,,,,,,new,GKP volume 10; competition MEDIUM 59
ai for email automation,ai for email automation,commercial,product,https://www.strique.io/product,10,MEDIUM 43,low,keyword_planner,,,,,,,new,GKP volume 10; competition MEDIUM 43
ai that creates content,ai that creates content,commercial,product,https://www.strique.io/product,10,LOW 31,low,keyword_planner,,,,,,,new,GKP volume 10; competition LOW 31
ai tool for content creation free,ai tool for content creation free,commercial,product,https://www.strique.io/product,10,MEDIUM 51,low,keyword_planner,,,,,,,new,GKP volume 10; competition MEDIUM 51
artificial intelligence apps software marketing,artificial intelligence apps software marketing,commercial,product,https://www.strique.io/product,10,LOW,low,keyword_planner,,,,,,,new,GKP volume 10; competition LOW
artificial intelligence platform market,artificial intelligence platform market,informational,blog,https://www.strique.io/blog,10,LOW,low,keyword_planner,,,,,,,new,GKP volume 10; competition LOW
automated content marketing software,automated content marketing software,commercial,product,https://www.strique.io/product,10,,low,keyword_planner,,,,,,,new,GKP volume 10
content creation ai free,content creation ai free,commercial,product,https://www.strique.io/product,10,HIGH 86,low,keyword_planner,,,,,,,new,GKP volume 10; competition HIGH 86
content generation using ai,content generation using ai,commercial,product,https://www.strique.io/product,10,LOW 7,low,keyword_planner,,,,,,,new,GKP volume 10; competition LOW 7
content generator tools free,content generator tools free,commercial,product,https://www.strique.io/product,10,LOW,low,keyword_planner,,,,,,,new,GKP volume 10; competition LOW
digital intelligence platform market,digital intelligence platform market,informational,blog,https://www.strique.io/blog,10,,low,keyword_planner,,,,,,,new,GKP volume 10
examples of ai in marketing automation,examples of ai in marketing automation,informational,blog,https://www.strique.io/blog/what-is-an-ai-marketing-agent,10,LOW,low,keyword_planner,,,,,,,new,GKP volume 10; competition LOW
free ai writer software,free ai writer software,commercial,product,https://www.strique.io/product,10,,low,keyword_planner,,,,,,,new,GKP volume 10
free seo content generator,free seo content generator,commercial,product,https://www.strique.io/product,10,MEDIUM 43,low,keyword_planner,,,,,,,new,GKP volume 10; competition MEDIUM 43
machine learning content creation,machine learning content creation,commercial,product,https://www.strique.io/product,10,LOW,low,keyword_planner,,,,,,,new,GKP volume 10; competition LOW
marketing content generator,marketing content generator,commercial,product,https://www.strique.io/product,10,LOW,low,keyword_planner,,,,,,,new,GKP volume 10; competition LOW
sales content automation,sales content automation,commercial,product,https://www.strique.io/product,10,LOW,low,keyword_planner,,,,,,,new,GKP volume 10; competition LOW
search engine automation,search engine automation,commercial,product,https://www.strique.io/product,10,LOW 20,low,keyword_planner,,,,,,,new,GKP volume 10; competition LOW 20
seo content generator free,seo content generator free,commercial,product,https://www.strique.io/product,10,LOW,low,keyword_planner,,,,,,,new,GKP volume 10; competition LOW
seo text generator free,seo text generator free,commercial,product,https://www.strique.io/product,10,LOW,low,keyword_planner,,,,,,,new,GKP volume 10; competition LOW
