"Source","Destination","Alt Text"
"https://offlimits.co.in/","https://cdn.shopify.com/s/files/1/0549/2926/0637/files/6989d89379a88_size_15_dbead77f-4b21-4dc6-9be5-3cb4dc5a724e.png?v=1770643023",""
"https://offlimits.co.in/","https://cdn.shopify.com/s/files/1/0549/2926/0637/files/6989d89379a88_size_15_dbead77f-4b21-4dc6-9be5-3cb4dc5a724e.png?v=1770643023",""
"https://offlimits.co.in/collections/white-sneaker","https://cdn.shopify.com/s/files/1/0549/2926/0637/files/6989d89379a88_size_15_dbead77f-4b21-4dc6-9be5-3cb4dc5a724e.png?v=1770643023",""
"https://offlimits.co.in/collections/white-sneaker","https://cdn.shopify.com/s/files/1/0549/2926/0637/files/6989d89379a88_size_15_dbead77f-4b21-4dc6-9be5-3cb4dc5a724e.png?v=1770643023",""
"https://offlimits.co.in/collections/white-sneaker","https://cdn.shopify.com/s/files/1/0549/2926/0637/files/6989d89379a88_size_15_dbead77f-4b21-4dc6-9be5-3cb4dc5a724e.png?v=1770643023",""
"https://offlimits.co.in/collections/white-sneaker","https://cdn.shopify.com/s/files/1/0549/2926/0637/files/6989d89379a88_size_15_dbead77f-4b21-4dc6-9be5-3cb4dc5a724e.png?v=1770643023",""
"https://offlimits.co.in/collections/white-sneaker","https://cdn.shopify.com/s/files/1/0549/2926/0637/files/6989d89379a88_size_15_dbead77f-4b21-4dc6-9be5-3cb4dc5a724e.png?v=1770643023",""
"https://offlimits.co.in/collections/white-sneaker","https://cdn.shopify.com/s/files/1/0549/2926/0637/files/6989d89379a88_size_15_dbead77f-4b21-4dc6-9be5-3cb4dc5a724e.png?v=1770643023",""
"https://offlimits.co.in/collections/white-sneaker","https://cdn.shopify.com/s/files/1/0549/2926/0637/files/6989d89379a88_size_15_dbead77f-4b21-4dc6-9be5-3cb4dc5a724e.png?v=1770643023",""
"https://offlimits.co.in/collections/white-sneaker","https://cdn.shopify.com/s/files/1/0549/2926/0637/files/6989d89379a88_size_15_dbead77f-4b21-4dc6-9be5-3cb4dc5a724e.png?v=1770643023",""
"https://offlimits.co.in/collections/white-sneaker","https://cdn.shopify.com/s/files/1/0549/2926/0637/files/6989d89379a88_size_15_dbead77f-4b21-4dc6-9be5-3cb4dc5a724e.png?v=1770643023",""
"https://offlimits.co.in/collections/white-sneaker","https://cdn.shopify.com/s/files/1/0549/2926/0637/files/6989d89379a88_size_15_dbead77f-4b21-4dc6-9be5-3cb4dc5a724e.png?v=1770643023",""
"https://offlimits.co.in/collections/white-sneaker","https://cdn.shopify.com/s/files/1/0549/2926/0637/files/6989d89379a88_size_15_dbead77f-4b21-4dc6-9be5-3cb4dc5a724e.png?v=1770643023",""
"https://offlimits.co.in/collections/white-sneaker","https://cdn.shopify.com/s/files/1/0549/2926/0637/files/6989d89379a88_size_15_dbead77f-4b21-4dc6-9be5-3cb4dc5a724e.png?v=1770643023",""
"https://offlimits.co.in/collections/white-sneaker","https://cdn.shopify.com/s/files/1/0549/2926/0637/files/6989d89379a88_size_15_dbead77f-4b21-4dc6-9be5-3cb4dc5a724e.png?v=1770643023",""
"https://offlimits.co.in/collections/new-arrivals","https://cdn.shopify.com/s/files/1/0549/2926/0637/files/6989d89379a88_size_15_dbead77f-4b21-4dc6-9be5-3cb4dc5a724e.png?v=1770643023",""
"https://offlimits.co.in/collections/new-arrivals","https://cdn.shopify.com/s/files/1/0549/2926/0637/files/6989d89379a88_size_15_dbead77f-4b21-4dc6-9be5-3cb4dc5a724e.png?v=1770643023",""
"https://offlimits.co.in/collections/new-arrivals","https://cdn.shopify.com/s/files/1/0549/2926/0637/files/6989d89379a88_size_15_dbead77f-4b21-4dc6-9be5-3cb4dc5a724e.png?v=1770643023",""
"https://offlimits.co.in/collections/new-arrivals","https://cdn.shopify.com/s/files/1/0549/2926/0637/files/6989d89379a88_size_15_dbead77f-4b21-4dc6-9be5-3cb4dc5a724e.png?v=1770643023",""
"https://offlimits.co.in/collections/new-arrivals","https://cdn.shopify.com/s/files/1/0549/2926/0637/files/6989d89379a88_size_15_dbead77f-4b21-4dc6-9be5-3cb4dc5a724e.png?v=1770643023",""
"https://offlimits.co.in/collections/new-arrivals","https://cdn.shopify.com/s/files/1/0549/2926/0637/files/6989d89379a88_size_15_dbead77f-4b21-4dc6-9be5-3cb4dc5a724e.png?v=1770643023",""
"https://offlimits.co.in/collections/new-arrivals","https://cdn.shopify.com/s/files/1/0549/2926/0637/files/6989d89379a88_size_15_dbead77f-4b21-4dc6-9be5-3cb4dc5a724e.png?v=1770643023",""
"https://offlimits.co.in/collections/new-arrivals","https://cdn.shopify.com/s/files/1/0549/2926/0637/files/6989d89379a88_size_15_dbead77f-4b21-4dc6-9be5-3cb4dc5a724e.png?v=1770643023",""
"https://offlimits.co.in/collections/new-arrivals","https://cdn.shopify.com/s/files/1/0549/2926/0637/files/6989d89379a88_size_15_dbead77f-4b21-4dc6-9be5-3cb4dc5a724e.png?v=1770643023",""
"https://offlimits.co.in/collections/casual-shoes-men","https://cdn.shopify.com/s/files/1/0549/2926/0637/files/6989d89379a88_size_15_dbead77f-4b21-4dc6-9be5-3cb4dc5a724e.png?v=1770643023",""
"https://offlimits.co.in/collections/casual-shoes-men","https://cdn.shopify.com/s/files/1/0549/2926/0637/files/6989d89379a88_size_15_dbead77f-4b21-4dc6-9be5-3cb4dc5a724e.png?v=1770643023",""
"https://offlimits.co.in/collections/casual-shoes-men","https://cdn.shopify.com/s/files/1/0549/2926/0637/files/6989d89379a88_size_15_dbead77f-4b21-4dc6-9be5-3cb4dc5a724e.png?v=1770643023",""
"https://offlimits.co.in/collections/casual-shoes-men","https://cdn.shopify.com/s/files/1/0549/2926/0637/files/6989d89379a88_size_15_dbead77f-4b21-4dc6-9be5-3cb4dc5a724e.png?v=1770643023",""
"https://offlimits.co.in/collections/casual-shoes-men","https://cdn.shopify.com/s/files/1/0549/2926/0637/files/6989d89379a88_size_15_dbead77f-4b21-4dc6-9be5-3cb4dc5a724e.png?v=1770643023",""
"https://offlimits.co.in/collections/casual-shoes-men","https://cdn.shopify.com/s/files/1/0549/2926/0637/files/6989d89379a88_size_15_dbead77f-4b21-4dc6-9be5-3cb4dc5a724e.png?v=1770643023",""
"https://offlimits.co.in/collections/casual-shoes-men","https://cdn.shopify.com/s/files/1/0549/2926/0637/files/6989d89379a88_size_15_dbead77f-4b21-4dc6-9be5-3cb4dc5a724e.png?v=1770643023",""
"https://offlimits.co.in/collections/casual-shoes-men","https://cdn.shopify.com/s/files/1/0549/2926/0637/files/6989d89379a88_size_15_dbead77f-4b21-4dc6-9be5-3cb4dc5a724e.png?v=1770643023",""
"https://offlimits.co.in/collections/casual-shoes-men","https://cdn.shopify.com/s/files/1/0549/2926/0637/files/6989d89379a88_size_15_dbead77f-4b21-4dc6-9be5-3cb4dc5a724e.png?v=1770643023",""
"https://offlimits.co.in/collections/casual-shoes-men","https://cdn.shopify.com/s/files/1/0549/2926/0637/files/6989d89379a88_size_15_dbead77f-4b21-4dc6-9be5-3cb4dc5a724e.png?v=1770643023",""
"https://offlimits.co.in/collections/casual-shoes-men","https://cdn.shopify.com/s/files/1/0549/2926/0637/files/6989d89379a88_size_15_dbead77f-4b21-4dc6-9be5-3cb4dc5a724e.png?v=1770643023",""
"https://offlimits.co.in/collections/casual-shoes-men","https://cdn.shopify.com/s/files/1/0549/2926/0637/files/6989d89379a88_size_15_dbead77f-4b21-4dc6-9be5-3cb4dc5a724e.png?v=1770643023",""
"https://offlimits.co.in/collections/casual-shoes-men","https://cdn.shopify.com/s/files/1/0549/2926/0637/files/6989d89379a88_size_15_dbead77f-4b21-4dc6-9be5-3cb4dc5a724e.png?v=1770643023",""
"https://offlimits.co.in/collections/casual-shoes-men","https://cdn.shopify.com/s/files/1/0549/2926/0637/files/6989d89379a88_size_15_dbead77f-4b21-4dc6-9be5-3cb4dc5a724e.png?v=1770643023",""
"https://offlimits.co.in/collections/casual-shoes-men","https://cdn.shopify.com/s/files/1/0549/2926/0637/files/6989d89379a88_size_15_dbead77f-4b21-4dc6-9be5-3cb4dc5a724e.png?v=1770643023",""
"https://offlimits.co.in/collections/casual-shoes-men","https://cdn.shopify.com/s/files/1/0549/2926/0637/files/6989d89379a88_size_15_dbead77f-4b21-4dc6-9be5-3cb4dc5a724e.png?v=1770643023",""
"https://offlimits.co.in/collections/casual-shoes-men","https://cdn.shopify.com/s/files/1/0549/2926/0637/files/6989d89379a88_size_15_dbead77f-4b21-4dc6-9be5-3cb4dc5a724e.png?v=1770643023",""
"https://offlimits.co.in/collections/casual-shoes-men","https://cdn.shopify.com/s/files/1/0549/2926/0637/files/6989d89379a88_size_15_dbead77f-4b21-4dc6-9be5-3cb4dc5a724e.png?v=1770643023",""
"https://offlimits.co.in/collections/casual-shoes-men","https://cdn.shopify.com/s/files/1/0549/2926/0637/files/6989d89379a88_size_15_dbead77f-4b21-4dc6-9be5-3cb4dc5a724e.png?v=1770643023",""
"https://offlimits.co.in/collections/casual-shoes-men","https://cdn.shopify.com/s/files/1/0549/2926/0637/files/6989d89379a88_size_15_dbead77f-4b21-4dc6-9be5-3cb4dc5a724e.png?v=1770643023",""
"https://offlimits.co.in/collections/casual-shoes-men","https://cdn.shopify.com/s/files/1/0549/2926/0637/files/6989d89379a88_size_15_dbead77f-4b21-4dc6-9be5-3cb4dc5a724e.png?v=1770643023",""
"https://offlimits.co.in/collections/casual-shoes-men","https://cdn.shopify.com/s/files/1/0549/2926/0637/files/6989d89379a88_size_15_dbead77f-4b21-4dc6-9be5-3cb4dc5a724e.png?v=1770643023",""
"https://offlimits.co.in/collections/casual-shoes-men","https://cdn.shopify.com/s/files/1/0549/2926/0637/files/6989d89379a88_size_15_dbead77f-4b21-4dc6-9be5-3cb4dc5a724e.png?v=1770643023",""
"https://offlimits.co.in/collections/casual-shoes-men","https://cdn.shopify.com/s/files/1/0549/2926/0637/files/6989d89379a88_size_15_dbead77f-4b21-4dc6-9be5-3cb4dc5a724e.png?v=1770643023",""
"https://offlimits.co.in/collections/casual-shoes-men","https://cdn.shopify.com/s/files/1/0549/2926/0637/files/6989d89379a88_size_15_dbead77f-4b21-4dc6-9be5-3cb4dc5a724e.png?v=1770643023",""
"https://offlimits.co.in/collections/casual-shoes-men","https://cdn.shopify.com/s/files/1/0549/2926/0637/files/6989d89379a88_size_15_dbead77f-4b21-4dc6-9be5-3cb4dc5a724e.png?v=1770643023",""
"https://offlimits.co.in/collections/casual-shoes-men","https://cdn.shopify.com/s/files/1/0549/2926/0637/files/6989d89379a88_size_15_dbead77f-4b21-4dc6-9be5-3cb4dc5a724e.png?v=1770643023",""
"https://offlimits.co.in/collections/casual-shoes-men","https://cdn.shopify.com/s/files/1/0549/2926/0637/files/6989d89379a88_size_15_dbead77f-4b21-4dc6-9be5-3cb4dc5a724e.png?v=1770643023",""
"https://offlimits.co.in/collections/casual-shoes-men","https://cdn.shopify.com/s/files/1/0549/2926/0637/files/6989d89379a88_size_15_dbead77f-4b21-4dc6-9be5-3cb4dc5a724e.png?v=1770643023",""
"https://offlimits.co.in/collections/casual-shoes-men","https://cdn.shopify.com/s/files/1/0549/2926/0637/files/6989d89379a88_size_15_dbead77f-4b21-4dc6-9be5-3cb4dc5a724e.png?v=1770643023",""
"https://offlimits.co.in/collections/high-top-shoes-for-men","https://cdn.shopify.com/s/files/1/0549/2926/0637/files/6989d89379a88_size_15_dbead77f-4b21-4dc6-9be5-3cb4dc5a724e.png?v=1770643023",""
"https://offlimits.co.in/collections/high-top-shoes-for-men","https://cdn.shopify.com/s/files/1/0549/2926/0637/files/6989d89379a88_size_15_dbead77f-4b21-4dc6-9be5-3cb4dc5a724e.png?v=1770643023",""
"https://offlimits.co.in/collections/high-top-shoes-for-men","https://cdn.shopify.com/s/files/1/0549/2926/0637/files/6989d89379a88_size_15_dbead77f-4b21-4dc6-9be5-3cb4dc5a724e.png?v=1770643023",""
"https://offlimits.co.in/collections/high-top-shoes-for-men","https://cdn.shopify.com/s/files/1/0549/2926/0637/files/6989d89379a88_size_15_dbead77f-4b21-4dc6-9be5-3cb4dc5a724e.png?v=1770643023",""
"https://offlimits.co.in/collections/men-running-shoes","https://cdn.shopify.com/s/files/1/0549/2926/0637/files/6989d89379a88_size_15_dbead77f-4b21-4dc6-9be5-3cb4dc5a724e.png?v=1770643023",""
"https://offlimits.co.in/collections/men-running-shoes","https://cdn.shopify.com/s/files/1/0549/2926/0637/files/6989d89379a88_size_15_dbead77f-4b21-4dc6-9be5-3cb4dc5a724e.png?v=1770643023",""
"https://offlimits.co.in/collections/men-running-shoes","https://cdn.shopify.com/s/files/1/0549/2926/0637/files/6989d89379a88_size_15_dbead77f-4b21-4dc6-9be5-3cb4dc5a724e.png?v=1770643023",""
"https://offlimits.co.in/collections/white-shoes-for-men","https://cdn.shopify.com/s/files/1/0549/2926/0637/files/6989d89379a88_size_15_dbead77f-4b21-4dc6-9be5-3cb4dc5a724e.png?v=1770643023",""
"https://offlimits.co.in/collections/white-shoes-for-men","https://cdn.shopify.com/s/files/1/0549/2926/0637/files/6989d89379a88_size_15_dbead77f-4b21-4dc6-9be5-3cb4dc5a724e.png?v=1770643023",""
"https://offlimits.co.in/collections/white-shoes-for-men","https://cdn.shopify.com/s/files/1/0549/2926/0637/files/6989d89379a88_size_15_dbead77f-4b21-4dc6-9be5-3cb4dc5a724e.png?v=1770643023",""
"https://offlimits.co.in/collections/white-shoes-for-men","https://cdn.shopify.com/s/files/1/0549/2926/0637/files/6989d89379a88_size_15_dbead77f-4b21-4dc6-9be5-3cb4dc5a724e.png?v=1770643023",""
"https://offlimits.co.in/collections/white-shoes-for-men","https://cdn.shopify.com/s/files/1/0549/2926/0637/files/6989d89379a88_size_15_dbead77f-4b21-4dc6-9be5-3cb4dc5a724e.png?v=1770643023",""
"https://offlimits.co.in/","https://cdn.shopify.com/s/files/1/0549/2926/0637/files/New_Project_12.jpg?v=1741157229",""
"https://offlimits.co.in/","https://cdn.shopify.com/s/files/1/0549/2926/0637/files/New_Project_13.jpg?v=1741157228",""
"https://offlimits.co.in/","https://cdn.shopify.com/s/files/1/0549/2926/0637/files/New_Project_11_3dbf9b4d-d5c4-44ef-b8dd-4fff04038664.jpg?v=1741157228",""
"https://offlimits.co.in/collections/mens-bestsellers/products/gladiator-off-white-orm-661-02","https://offlimits.co.in/cdn/shop/files/preview_images/85ce94207ac54e9ca4f744165e5bba28.thumbnail.0000000000_1024x1024.jpg?v=1755940375",""
