"Address","Content Type","Size (Bytes)","IMG Inlinks","Indexability","Indexability Status","Dimensions"
"https://cdn.shopify.com/s/files/1/0549/2926/0637/files/Mask_Group_11_2x_c8ab0a7c-97c0-460d-9505-5bb348f5420d.webp?v=1749454119","image/png","427265","1","Indexable","",""
"https://cdn.shopify.com/s/files/1/0549/2926/0637/files/Group_43.svg?v=1714465742","image/svg+xml","0","10","Indexable","",""
"https://cdn.shopify.com/s/files/1/0549/2926/0637/files/6989d89379a88_size_15_dbead77f-4b21-4dc6-9be5-3cb4dc5a724e.png?v=1770643023","image/png","222649","67","Indexable","",""
"https://cdn.shopify.com/s/files/1/0549/2926/0637/files/Mask_Group_45_2x_a50b4329-12b5-4442-9b38-4d4878dfd311.png?v=1714371480","image/png","124012","31","Indexable","",""
"https://cdn.shopify.com/s/files/1/0549/2926/0637/files/instagram.svg?v=1634556983","image/svg+xml","0","31","Indexable","",""
"https://cdn.shopify.com/s/files/1/0549/2926/0637/files/New_Project_12.jpg?v=1741157229","image/jpeg","9228","1","Indexable","",""
"https://cdn.gokwik.co/v4/images/upi-icons.svg","image/svg+xml","1861","31","Indexable","",""
"https://cdn.shopify.com/s/files/1/0549/2926/0637/files/Union_8_2x_66a28479-9a4e-4cb2-86ac-8f95d26f7f57.png?v=1714115258","image/png","423","31","Indexable","",""
"https://cdn.shopify.com/s/files/1/0549/2926/0637/files/Group_26_2x_662f72e4-bebb-42fd-b4aa-59ad17a58876.png?v=1714119005","image/png","1437","31","Indexable","",""
"https://cdn.shopify.com/s/files/1/0549/2926/0637/files/Group_34.svg?v=1714465742","image/svg+xml","0","10","Indexable","",""
"https://cdn.shopify.com/s/files/1/0549/2926/0637/files/Group_85_2x_63ebe7e7-ce79-4eeb-8b6b-75acf9489bdf.png?v=1714394634","image/png","373100","1","Indexable","",""
"https://cdn.shopify.com/s/files/1/0549/2926/0637/files/Group_36.svg?v=1714465741","image/svg+xml","0","10","Indexable","",""
"https://cdn.shopify.com/s/files/1/0549/2926/0637/files/New_Project_13.jpg?v=1741157228","image/jpeg","6265","1","Indexable","",""
"https://cdn.shopify.com/s/files/1/0549/2926/0637/files/Group_44.svg?v=1714465742","image/svg+xml","0","10","Indexable","",""
"https://cdn.shopify.com/s/files/1/0549/2926/0637/files/pinterest.svg?v=1634556983","image/svg+xml","0","31","Indexable","",""
"https://cdn.shopify.com/s/files/1/0549/2926/0637/files/Group_76_3x_08fc6c44-c6d8-4d00-8ea5-c46ebc8d894e.png?v=1714453961","image/png","580223","1","Indexable","",""
"https://cdn.shopify.com/s/files/1/0549/2926/0637/files/Group_70_2x_99e145f2-4ded-4a50-988c-7c4c7ea0d014.png?v=1714382380","image/png","147203","31","Indexable","",""
"https://cdn.gokwik.co/v4/images/right-arrow.svg","image/svg+xml","159","31","Indexable","",""
"https://cdn.shopify.com/s/files/1/0549/2926/0637/files/Group_71_2x_487cc3c6-d1f0-4288-9e22-e6172d49ce00.png?v=1714382372","image/png","84313","31","Indexable","",""
"https://cdn.shopify.com/s/files/1/0549/2926/0637/files/facebook.svg?v=1634562685","image/svg+xml","0","31","Indexable","",""
"https://offlimits.co.in/cdn/shop/files/White_bd587976-9bc5-4d9c-a498-1b213db7403d_170x.svg?v=1717740426","image/svg+xml","0","1","Indexable","",""
"https://cdn.shopify.com/s/files/1/0549/2926/0637/files/New_Project_11_3dbf9b4d-d5c4-44ef-b8dd-4fff04038664.jpg?v=1741157228","image/jpeg","5467","1","Indexable","",""
"https://offlimits.co.in/cdn/shop/files/White_fe958b6c-a1f4-4a0e-8833-a8ed184f503d_170x.svg?v=1717740409","image/svg+xml","0","2","Indexable","",""
"https://cdn.shopify.com/s/files/1/0549/2926/0637/files/A_2.png?width=800","image/png","433691","7","Indexable","",""
"https://cdn.shopify.com/s/files/1/0549/2926/0637/files/WhatsApp_Image_2025-03-28_at_6.02.22_PM.jpg?width=800","image/jpeg","81447","7","Indexable","",""
"https://offlimits.co.in/cdn/shop/files/preview_images/85ce94207ac54e9ca4f744165e5bba28.thumbnail.0000000000_1024x1024.jpg?v=1755940375","image/jpeg","7285","1","Indexable","",""
"https://offlimits.co.in/cdn/shop/files/ORM-66102_1_80x80.jpg?v=1721987884","image/jpeg","2276","1","Indexable","",""
"https://cdn.shopify.com/s/files/1/0549/2926/0637/files/A_3.png?width=800","image/png","587804","7","Indexable","",""
"https://cdn.shopify.com/s/files/1/0549/2926/0637/files/Component_4_1.svg?v=1693812107","image/svg+xml","0","7","Indexable","",""
"https://offlimits.co.in/cdn/shop/files/ORM-66102_6.jpg?v=1772535918","image/jpeg","113130","1","Indexable","",""
"https://offlimits.co.in/cdn/shop/files/14_1_f780662b-3786-4e56-ac0f-ab28adfef02c.jpg?v=1772536168","image/jpeg","1192639","1","Indexable","",""
"https://offlimits.co.in/cdn/shop/files/ORM-66102_2.jpg?v=1721987884","image/jpeg","103377","1","Indexable","",""
"https://offlimits.co.in/cdn/shop/files/s2s_a3650d04-1563-4c46-b062-fdbfdc8697be.png?v=1775135200","image/png","972798","1","Indexable","",""
"https://cdn.shopify.com/s/files/1/0549/2926/0637/files/Component_6_1.svg?v=1693811938","image/svg+xml","0","7","Indexable","",""
"https://offlimits.co.in/cdn/shop/files/ORM-66102_4.jpg?v=1772535918","image/jpeg","187335","1","Indexable","",""
"https://cdn.shopify.com/s/files/1/0549/2926/0637/files/A_1.png?width=800","image/png","270161","7","Indexable","",""
"https://offlimits.co.in/cdn/shop/files/ORM-66102_8.jpg?v=1772535918","image/jpeg","124262","1","Indexable","",""
"https://offlimits.co.in/cdn/shop/files/ORM-66102_3.jpg?v=1772535918","image/jpeg","82054","1","Indexable","",""
"https://offlimits.co.in/cdn/shop/files/ORM-66102_1.jpg?v=1721987884","image/jpeg","373023","1","Indexable","",""
"https://offlimits.co.in/cdn/shop/files/OLMenssizechart_af4bb732-6982-48cb-967e-8f2f4649cb5c.jpg?v=1774436088","image/jpeg","143447","1","Indexable","",""
"https://offlimits.co.in/cdn/shop/files/ORM-66102_5.jpg?v=1772535918","image/jpeg","205375","1","Indexable","",""
"https://offlimits.co.in/cdn/shop/files/ORM-79503_1.jpg?v=1777890237","image/jpeg","454356","1","Indexable","",""
"https://offlimits.co.in/cdn/shop/files/STSIMAGE_8d849c74-1ab5-49f8-b263-98c8fa265ed1.png?v=1777890237","image/png","976180","1","Indexable","",""
"https://offlimits.co.in/cdn/shop/files/ORM-79503_7.jpg?v=1777890237","image/jpeg","151040","1","Indexable","",""
"https://offlimits.co.in/cdn/shop/files/ORM-79503_6.jpg?v=1777890236","image/jpeg","161781","1","Indexable","",""
"https://offlimits.co.in/cdn/shop/files/OL_Mens_size_chart_c19e3b39-9661-4284-b199-1f5da9904f41.jpg?v=1777890327","image/jpeg","143284","2","Indexable","",""
"https://offlimits.co.in/cdn/shop/files/ORM-79503_2.jpg?v=1777890236","image/jpeg","183620","1","Indexable","",""
"https://offlimits.co.in/cdn/shop/files/ORM-79503_3.jpg?v=1777890237","image/jpeg","157243","1","Indexable","",""
"https://offlimits.co.in/cdn/shop/files/ORM-79503_5.jpg?v=1777890237","image/jpeg","292993","1","Indexable","",""
"https://offlimits.co.in/cdn/shop/files/ORM-79503_4.jpg?v=1777890237","image/jpeg","425879","1","Indexable","",""
"https://offlimits.co.in/cdn/shop/files/ORM-79503_8.jpg?v=1777890237","image/jpeg","203250","1","Indexable","",""
"https://offlimits.co.in/cdn/shop/files/ORM-79503_1_80x80.jpg?v=1777890237","image/jpeg","3351","1","Indexable","",""
"https://cdn.shopify.com/s/files/1/0549/2926/0637/files/gallery-img4.jpg?v=1634564549","image/jpeg","89132","1","Indexable","",""
"https://cdn.shopify.com/s/files/1/0549/2926/0637/files/gallery-img3.jpg?v=1634564549","image/jpeg","124146","1","Indexable","",""
"https://cdn.shopify.com/s/files/1/0549/2926/0637/files/gallery-img1.jpg?v=1634564549","image/jpeg","73611","1","Indexable","",""
"https://cdn.shopify.com/s/files/1/0549/2926/0637/files/gallery-img5.jpg?v=1634564549","image/jpeg","103194","1","Indexable","",""
"https://cdn.shopify.com/s/files/1/0549/2926/0637/files/gallery-img2.jpg?v=1634564549","image/jpeg","72802","1","Indexable","",""
"https://offlimits.co.in/cdn/shop/files/OCW-92602_4.jpg?v=1781088785","image/jpeg","24508","1","Indexable","",""
"https://offlimits.co.in/cdn/shop/files/0U8A1088.jpg?v=1781088785","image/jpeg","33470","1","Indexable","",""
"https://offlimits.co.in/cdn/shop/files/OCW-92602_8.jpg?v=1781088785","image/jpeg","36940","1","Indexable","",""
"https://offlimits.co.in/cdn/shop/files/OCW-92602_6.jpg?v=1781088785","image/jpeg","30069","1","Indexable","",""
"https://offlimits.co.in/cdn/shop/files/OL_Womens_size_chart_bba04b6f-e746-479d-b4a6-0bcb920f911d.jpg?v=1781087933","image/jpeg","132170","1","Indexable","",""
"https://offlimits.co.in/cdn/shop/files/s2s_2_f05b96ab-122f-44ff-ba62-bfe298217871.png?v=1781087935","image/png","972798","1","Indexable","",""
"https://offlimits.co.in/cdn/shop/files/OCW-92602_2.jpg?v=1781088785","image/jpeg","136865","1","Indexable","",""
"https://offlimits.co.in/cdn/shop/files/OCW-92602_7.jpg?v=1781088785","image/jpeg","87497","1","Indexable","",""
"https://offlimits.co.in/cdn/shop/files/OCW-92602_9.jpg?v=1781088785","image/jpeg","37578","1","Indexable","",""
"https://offlimits.co.in/cdn/shop/files/OCW-92602_2_80x80.jpg?v=1781088785","image/jpeg","2348","1","Indexable","",""
"https://offlimits.co.in/cdn/shop/files/OCW-92602_3.jpg?v=1781088785","image/jpeg","34145","1","Indexable","",""
"https://offlimits.co.in/cdn/shop/files/OCW-92602_5.jpg?v=1781088785","image/jpeg","53937","1","Indexable","",""
"https://offlimits.co.in/cdn/shop/files/OCW-92602_1.jpg?v=1781088785","image/jpeg","288771","1","Indexable","",""
"https://offlimits.co.in/cdn/shop/files/s2s_2_6d671855-d5b2-4185-900c-a9d3b24fd79b.png?v=1771492986","image/png","972798","1","Indexable","",""
"https://offlimits.co.in/cdn/shop/files/DSC_4470_2.jpg?v=1771495337","image/jpeg","417818","1","Indexable","",""
"https://offlimits.co.in/cdn/shop/files/DSC_4470_2_80x80.jpg?v=1771495337","image/jpeg","2772","1","Indexable","",""
"https://offlimits.co.in/cdn/shop/files/DSC_4472.jpg?v=1771495493","image/jpeg","186513","1","Indexable","",""
"https://offlimits.co.in/cdn/shop/files/OL_Mens_size_chart_db2ea9e8-ee00-41b1-8d27-a7b366f2d22e.jpg?v=1771492985","image/jpeg","143284","1","Indexable","",""
"https://offlimits.co.in/cdn/shop/files/DSC_4470.jpg?v=1771495493","image/jpeg","291326","1","Indexable","",""
"https://offlimits.co.in/cdn/shop/files/DSC_4471.jpg?v=1771495493","image/jpeg","246868","1","Indexable","",""
"https://offlimits.co.in/cdn/shop/files/DSC_4471_2.jpg?v=1771495493","image/jpeg","554911","1","Indexable","",""
"https://offlimits.co.in/cdn/shop/files/DSC_4474.jpg?v=1771495493","image/jpeg","211010","1","Indexable","",""
"https://offlimits.co.in/cdn/shop/files/DSC_4475.jpg?v=1771495493","image/jpeg","374416","1","Indexable","",""
"https://offlimits.co.in/cdn/shop/files/DSC_4473.jpg?v=1771495493","image/jpeg","233120","1","Indexable","",""
"https://offlimits.co.in/cdn/shop/files/OCM-82806_2.jpg?v=1770113499","image/jpeg","205571","1","Indexable","",""
"https://offlimits.co.in/cdn/shop/files/OCM-82806_5.jpg?v=1770113499","image/jpeg","374192","1","Indexable","",""
"https://offlimits.co.in/cdn/shop/files/OCM-82806_7.jpg?v=1770113499","image/jpeg","182702","1","Indexable","",""
"https://offlimits.co.in/cdn/shop/files/s2s_2_fafc05c8-4934-4700-aba0-a38f54d305e1.png?v=1770113829","image/png","972798","1","Indexable","",""
"https://offlimits.co.in/cdn/shop/files/OCM-82806_6.jpg?v=1770113499","image/jpeg","210424","1","Indexable","",""
"https://offlimits.co.in/cdn/shop/files/OL_Mens_size_chart_3efbb5e9-7ca0-4a3e-b086-e74ca6bf174b.jpg?v=1770102962","image/jpeg","143284","1","Indexable","",""
"https://offlimits.co.in/cdn/shop/files/DSC_9668b.jpg?v=1770113500","image/jpeg","458495","1","Indexable","",""
"https://offlimits.co.in/cdn/shop/files/OCM-82806_8.jpg?v=1770113499","image/jpeg","238263","1","Indexable","",""
"https://offlimits.co.in/cdn/shop/files/OCM-82806_4.jpg?v=1770113500","image/jpeg","391234","1","Indexable","",""
"https://offlimits.co.in/cdn/shop/files/DSC_9668b_80x80.jpg?v=1770113500","image/jpeg","3360","1","Indexable","",""
"https://offlimits.co.in/cdn/shop/files/OCM-82806_3.jpg?v=1770113499","image/jpeg","160239","1","Indexable","",""
"https://offlimits.co.in/cdn/shop/files/DSC_8968_7bb51ccd-19fb-4e87-95d6-287b03192b3a.jpg?v=1783424807","image/jpeg","165602","1","Indexable","",""
"https://offlimits.co.in/cdn/shop/files/DSC_8965_744b743f-5345-4ff4-8f1d-6b7f9e500319.jpg?v=1783424807","image/jpeg","182586","1","Indexable","",""
"https://offlimits.co.in/cdn/shop/files/DSC_8967_74596983-ad46-4fdc-b969-9232d64289a5.jpg?v=1783424807","image/jpeg","168340","1","Indexable","",""
"https://offlimits.co.in/cdn/shop/files/DSC_8965_2_c1110fa2-b844-4389-aadf-b98ad576417b.jpg?v=1783424807","image/jpeg","437989","1","Indexable","",""
"https://offlimits.co.in/cdn/shop/files/DSC_8964_2.jpg?v=1783424808","image/jpeg","582905","1","Indexable","",""
"https://offlimits.co.in/cdn/shop/files/DSC_8964_2_80x80.jpg?v=1783424808","image/jpeg","3073","1","Indexable","",""
"https://offlimits.co.in/cdn/shop/files/s2s_2_68f5af36-3e91-4b29-8ba7-7e9c233ed98d.png?v=1781346233","image/png","972798","1","Indexable","",""
"https://offlimits.co.in/cdn/shop/files/DSC_8964.jpg?v=1783424808","image/jpeg","189677","1","Indexable","",""
"https://offlimits.co.in/cdn/shop/files/DSC_8969_4ca3149b-7992-4917-ac54-4ad44d1a213e.jpg?v=1783424807","image/jpeg","328257","1","Indexable","",""
"https://offlimits.co.in/cdn/shop/files/DSC_8966_5f1407d1-5471-4a45-9938-db8cd59b43d7.jpg?v=1783424807","image/jpeg","155842","1","Indexable","",""
"https://offlimits.co.in/cdn/shop/files/OCM-87803_5_11605c68-5d45-4cf2-a688-592c7f715e5d.jpg?v=1784625440","image/jpeg","181332","1","Indexable","",""
"https://offlimits.co.in/cdn/shop/files/OCM-87803_1_d7cb16f9-ef8b-4ed0-8a03-c4abcfa388df_80x80.jpg?v=1784625440","image/jpeg","2834","1","Indexable","",""
"https://offlimits.co.in/cdn/shop/files/OCM-87803_8_40ab088b-ebe5-4b5f-bf28-9d459b9a7dde.jpg?v=1784625440","image/jpeg","76331","1","Indexable","",""
"https://offlimits.co.in/cdn/shop/files/OCM-87803_1_d7cb16f9-ef8b-4ed0-8a03-c4abcfa388df.jpg?v=1784625440","image/jpeg","299767","1","Indexable","",""
"https://offlimits.co.in/cdn/shop/files/OCM-87803_3_7a747234-9352-40f2-89aa-1699db5fd516.jpg?v=1784625440","image/jpeg","71088","1","Indexable","",""
"https://offlimits.co.in/cdn/shop/files/OCM-87803_2_32d04945-c8d0-4bb5-bb0e-57aecb87d04d.jpg?v=1784625440","image/jpeg","146484","1","Indexable","",""
"https://offlimits.co.in/cdn/shop/files/OCM-87803_4_dda2b03e-de8d-44cf-86c0-3861ee29cc9c.jpg?v=1784625440","image/jpeg","53953","1","Indexable","",""
"https://offlimits.co.in/cdn/shop/files/OCM-87803_7_d131587c-d5ae-4d28-8db1-ca4e549b0b18.jpg?v=1784625440","image/jpeg","82612","1","Indexable","",""
"https://offlimits.co.in/cdn/shop/files/OCM-87803_6_e135386a-5bb0-4419-a9db-9fe15cb5bc48.jpg?v=1784625440","image/jpeg","137137","1","Indexable","",""
"https://offlimits.co.in/cdn/shop/files/s2s_2_161ecf49-e386-4fc3-b36b-ec2c40794f0f.png?v=1784625635","image/png","972798","1","Indexable","",""
