"Address","Status Code","Status","Inlinks","Matched Robots.txt Line"
"https://offlimits.co.in/search/?view=wish","0","Blocked by robots.txt","105","Line:38 /search"
"https://offlimits.co.in/search","0","Blocked by robots.txt","70","Line:38 /search"
"https://offlimits.co.in/cart","0","Blocked by robots.txt","105","Line:6 /cart"
"https://offlimits.co.in/policies/terms-of-service","0","Blocked by robots.txt","35","Line:33 /policies/"
"https://offlimits.co.in/account","0","Blocked by robots.txt","70","Line:13 /account"
"https://offlimits.co.in/policies/refund-policy","0","Blocked by robots.txt","35","Line:33 /policies/"
"https://offlimits.co.in/policies/shipping-policy","0","Blocked by robots.txt","16","Line:33 /policies/"
"https://offlimits.co.in/collections/men-clothing?sort_by=created-descending","0","Blocked by robots.txt","1","Line:14 /collections/*sort_by*"
"https://offlimits.co.in/collections/men-clothing?sort_by=price-descending","0","Blocked by robots.txt","1","Line:14 /collections/*sort_by*"
"https://offlimits.co.in/collections/men-clothing?sort_by=price-ascending","0","Blocked by robots.txt","1","Line:14 /collections/*sort_by*"
"https://offlimits.co.in/collections/men-clothing?sort_by=best-selling","0","Blocked by robots.txt","1","Line:14 /collections/*sort_by*"
"https://offlimits.co.in/collections/women-track-suits?sort_by=created-descending","0","Blocked by robots.txt","1","Line:14 /collections/*sort_by*"
"https://offlimits.co.in/collections/women-track-suits?sort_by=price-ascending","0","Blocked by robots.txt","1","Line:14 /collections/*sort_by*"
"https://offlimits.co.in/collections/women-track-suits?sort_by=price-descending","0","Blocked by robots.txt","1","Line:14 /collections/*sort_by*"
"https://offlimits.co.in/collections/women-track-suits?sort_by=best-selling","0","Blocked by robots.txt","1","Line:14 /collections/*sort_by*"
"https://offlimits.co.in/collections/white-sneaker?sort_by=price-descending","0","Blocked by robots.txt","1","Line:14 /collections/*sort_by*"
"https://offlimits.co.in/collections/white-sneaker?sort_by=created-descending","0","Blocked by robots.txt","1","Line:14 /collections/*sort_by*"
"https://offlimits.co.in/collections/white-sneaker?sort_by=price-ascending","0","Blocked by robots.txt","1","Line:14 /collections/*sort_by*"
"https://offlimits.co.in/collections/white-sneaker?sort_by=best-selling","0","Blocked by robots.txt","1","Line:14 /collections/*sort_by*"
"https://offlimits.co.in/collections/new-arrivals?sort_by=created-descending","0","Blocked by robots.txt","1","Line:14 /collections/*sort_by*"
"https://offlimits.co.in/collections/new-arrivals?sort_by=best-selling","0","Blocked by robots.txt","1","Line:14 /collections/*sort_by*"
"https://offlimits.co.in/collections/new-arrivals?sort_by=price-ascending","0","Blocked by robots.txt","1","Line:14 /collections/*sort_by*"
"https://offlimits.co.in/collections/new-arrivals?sort_by=price-descending","0","Blocked by robots.txt","1","Line:14 /collections/*sort_by*"
"https://offlimits.co.in/collections/men-walking?sort_by=created-descending","0","Blocked by robots.txt","1","Line:14 /collections/*sort_by*"
"https://offlimits.co.in/collections/men-walking?sort_by=price-ascending","0","Blocked by robots.txt","1","Line:14 /collections/*sort_by*"
"https://offlimits.co.in/collections/men-walking?sort_by=best-selling","0","Blocked by robots.txt","1","Line:14 /collections/*sort_by*"
"https://offlimits.co.in/collections/men-walking?sort_by=price-descending","0","Blocked by robots.txt","1","Line:14 /collections/*sort_by*"
"https://offlimits.co.in/collections/women-hoodies-jackets?sort_by=price-ascending","0","Blocked by robots.txt","1","Line:14 /collections/*sort_by*"
"https://offlimits.co.in/collections/women-hoodies-jackets?sort_by=created-descending","0","Blocked by robots.txt","1","Line:14 /collections/*sort_by*"
"https://offlimits.co.in/collections/women-hoodies-jackets?sort_by=price-descending","0","Blocked by robots.txt","1","Line:14 /collections/*sort_by*"
"https://offlimits.co.in/collections/women-hoodies-jackets?sort_by=best-selling","0","Blocked by robots.txt","1","Line:14 /collections/*sort_by*"
"https://offlimits.co.in/collections/women-lifestyle?sort_by=created-descending","0","Blocked by robots.txt","1","Line:14 /collections/*sort_by*"
"https://offlimits.co.in/collections/women-lifestyle?sort_by=price-ascending","0","Blocked by robots.txt","1","Line:14 /collections/*sort_by*"
"https://offlimits.co.in/collections/women-lifestyle?sort_by=best-selling","0","Blocked by robots.txt","1","Line:14 /collections/*sort_by*"
"https://offlimits.co.in/collections/women-lifestyle?sort_by=price-descending","0","Blocked by robots.txt","1","Line:14 /collections/*sort_by*"
"https://offlimits.co.in/collections/limited-edition?sort_by=price-ascending","0","Blocked by robots.txt","1","Line:14 /collections/*sort_by*"
"https://offlimits.co.in/collections/limited-edition?sort_by=best-selling","0","Blocked by robots.txt","1","Line:14 /collections/*sort_by*"
"https://offlimits.co.in/collections/limited-edition?sort_by=price-descending","0","Blocked by robots.txt","1","Line:14 /collections/*sort_by*"
"https://offlimits.co.in/collections/limited-edition?sort_by=created-descending","0","Blocked by robots.txt","1","Line:14 /collections/*sort_by*"
"https://offlimits.co.in/collections/women-shoes?sort_by=price-descending","0","Blocked by robots.txt","1","Line:14 /collections/*sort_by*"
"https://offlimits.co.in/collections/women-shoes?sort_by=price-ascending","0","Blocked by robots.txt","1","Line:14 /collections/*sort_by*"
"https://offlimits.co.in/collections/women-shoes?sort_by=best-selling","0","Blocked by robots.txt","1","Line:14 /collections/*sort_by*"
"https://offlimits.co.in/collections/women-shoes?sort_by=created-descending","0","Blocked by robots.txt","1","Line:14 /collections/*sort_by*"
"https://offlimits.co.in/collections/mens-running-gym-shoes?sort_by=created-descending","0","Blocked by robots.txt","1","Line:14 /collections/*sort_by*"
"https://offlimits.co.in/collections/mens-running-gym-shoes?sort_by=price-ascending","0","Blocked by robots.txt","1","Line:14 /collections/*sort_by*"
"https://offlimits.co.in/collections/mens-running-gym-shoes?sort_by=best-selling","0","Blocked by robots.txt","1","Line:14 /collections/*sort_by*"
"https://offlimits.co.in/collections/mens-running-gym-shoes?sort_by=price-descending","0","Blocked by robots.txt","1","Line:14 /collections/*sort_by*"
"https://offlimits.co.in/collections/low-top-shoes-for-men?sort_by=best-selling","0","Blocked by robots.txt","1","Line:14 /collections/*sort_by*"
"https://offlimits.co.in/collections/low-top-shoes-for-men?sort_by=created-descending","0","Blocked by robots.txt","1","Line:14 /collections/*sort_by*"
"https://offlimits.co.in/collections/low-top-shoes-for-men?sort_by=price-descending","0","Blocked by robots.txt","1","Line:14 /collections/*sort_by*"
"https://offlimits.co.in/collections/low-top-shoes-for-men?sort_by=price-ascending","0","Blocked by robots.txt","1","Line:14 /collections/*sort_by*"
"https://offlimits.co.in/collections/men-lifestyle-recover-kicks?sort_by=price-descending","0","Blocked by robots.txt","1","Line:14 /collections/*sort_by*"
"https://offlimits.co.in/collections/men-lifestyle-recover-kicks?sort_by=best-selling","0","Blocked by robots.txt","1","Line:14 /collections/*sort_by*"
"https://offlimits.co.in/collections/men-lifestyle-recover-kicks?sort_by=price-ascending","0","Blocked by robots.txt","1","Line:14 /collections/*sort_by*"
"https://offlimits.co.in/collections/men-lifestyle-recover-kicks?sort_by=created-descending","0","Blocked by robots.txt","1","Line:14 /collections/*sort_by*"
"https://offlimits.co.in/collections/women-running-shoes?sort_by=price-descending","0","Blocked by robots.txt","1","Line:14 /collections/*sort_by*"
"https://offlimits.co.in/collections/women-running-shoes?sort_by=best-selling","0","Blocked by robots.txt","1","Line:14 /collections/*sort_by*"
"https://offlimits.co.in/collections/women-running-shoes?sort_by=price-ascending","0","Blocked by robots.txt","1","Line:14 /collections/*sort_by*"
"https://offlimits.co.in/collections/women-running-shoes?sort_by=created-descending","0","Blocked by robots.txt","1","Line:14 /collections/*sort_by*"
"https://offlimits.co.in/collections/men-shorts?sort_by=best-selling","0","Blocked by robots.txt","1","Line:14 /collections/*sort_by*"
"https://offlimits.co.in/collections/men-shorts?sort_by=created-descending","0","Blocked by robots.txt","1","Line:14 /collections/*sort_by*"
"https://offlimits.co.in/collections/men-shorts?sort_by=price-ascending","0","Blocked by robots.txt","1","Line:14 /collections/*sort_by*"
"https://offlimits.co.in/collections/men-shorts?sort_by=price-descending","0","Blocked by robots.txt","1","Line:14 /collections/*sort_by*"
"https://offlimits.co.in/collections/men-running-shoes?sort_by=price-ascending","0","Blocked by robots.txt","1","Line:14 /collections/*sort_by*"
"https://offlimits.co.in/collections/men-running-shoes?sort_by=created-descending","0","Blocked by robots.txt","1","Line:14 /collections/*sort_by*"
"https://offlimits.co.in/collections/men-running-shoes?sort_by=best-selling","0","Blocked by robots.txt","1","Line:14 /collections/*sort_by*"
"https://offlimits.co.in/collections/men-running-shoes?sort_by=price-descending","0","Blocked by robots.txt","1","Line:14 /collections/*sort_by*"
