"Issue Name","Issue Type","Issue Priority","URLs","% of Total","Description","How To Fix","Help URL"
"URL: Uppercase","Warning","Low","1","2.220","URLs that have uppercase characters within them. URLs are case sensitive, so as best practice generally URLs should be lowercase, to avoid any potential mix ups and duplicate URLs.","Ideally lowercase characters should be used for URLs only. However, changing URLs is a big decision, and often it's not worth changing them for SEO purposes alone. If URLs are changed, then appropriate 301 redirects must be implemented.",""
"Response Codes: Internal Redirection (3xx)","Warning","Low","3","6.670","Internal URLs which redirect to another URL. These will include server-side redirects, such as 301 or 302 redirects (and more). View URLs that link to redirects using the lower 'inlinks' tab and export them in bulk via 'Bulk Export > Response Codes > Internal > Redirection (3xx) inlinks'.","Ideally all internal links would be to canonical resolving URLs, and avoid linking to URLs that redirect. This reduces latency of redirect hops for users, and enhanced efficiency for search engines.",""
"Page Titles: Over 60 Characters","Opportunity","Medium","11","31.430","Pages which have page titles that exceed the configured limit. Characters over this limit might be truncated in Google's search results and carry less weight in scoring.","Write concise page titles to ensure important words are not truncated in the search results, not visible to users and potentially weighted less in scoring.",""
"Page Titles: Below 200 Pixels","Opportunity","Medium","1","2.860","Pages which have page titles much shorter than Google's estimated pixel length limit. This isn't necessarily an issue, but it does indicate there might be room to target additional keywords or communicate your USPs.","Consider updating the page title to take advantage of the space left to include additional target keywords or USPs.",""
"H2: Missing","Warning","Low","19","54.290","Pages which have a missing <h2>, the content is empty or has a whitespace. The <h2> heading is often used to describe sections or topics within a document. They act as signposts for the user, and can help search engines understand the page.","Consider using logical and descriptive <h2>s on important pages that help the user and search engines better understand the page.",""
"Security: Unsafe Cross-Origin Links","Warning","Low","35","77.780","URLs that link to external websites using the target=""_blank"" attribute (to open in a new tab), without using rel=""noopener"" (or rel=""noreferrer"") at the same time. Using target=""_blank"" alone leaves those pages exposed to both security and performance issues for some legacy browsers, which are estimated to be below 5% of market share. Setting target=""_blank"" on <a> elements implicitly provides the same rel behavior as setting rel=""noopener"" which does not set window.opener for most modern browsers, such as Chrome, Safari, Firefox and Edge.  The external links that contain the target=""_blank"" attribute by itself can be viewed in the 'outlinks' tab and 'target' column. They can be exported alongside the pages they are linked from via 'Bulk Export > Security > Unsafe Cross-Origin Links'.","Consider the benefits of including the rel=""noopener"" link attribute on any links that contain the target=""_blank"" attribute to avoid security and performance issues for the users of legacy browsers that may visit the website.",""
"H2: Multiple","Warning","Low","6","17.140","Pages which have multiple <h2>s. This is not an issue as HTML standards allow multiple <h2>'s when used in a logical hierarchical heading structure. However, this filter can help you quickly scan to review if they are used appropriately.","Ensure <h2>s are used in a logical hierarchical heading structure, and update where appropriate utilising the full heading rank between (h3 - h6) for additional headings.",""
"Security: Missing Secure Referrer-Policy Header","Warning","Low","42","93.330","URLs missing 'no-referrer-when-downgrade', 'strict-origin-when-cross-origin', 'no-referrer' or 'strict-origin' policies in the Referrer-Policy header. When using HTTPS, it's important that the URLs do not leak in non-HTTPS requests. This can expose users to 'man in the middle' attacks, as anyone on the network can view them.","Consider setting a referrer policy of strict-origin-when-cross-origin. It retains much of the referrer's usefulness, while mitigating the risk of leaking data cross-origins.",""
"Meta Description: Over 155 Characters","Opportunity","Low","9","25.710","Pages which have meta descriptions over the configured limit. Characters over this limit might be truncated in Google's search results.","Write concise meta descriptions to ensure important words are not truncated in the search results, and not visible to users.",""
"Pagination: Pagination URL Not in Anchor Tag","Issue","High","5","14.290","URLs contained in either, or both, the rel=""next"" and rel=""prev"" attributes of the page, are not found as a hyperlink in an HTML anchor element on the page itself. Paginated pages should be linked to with regular links to allow users to click and navigate to the next page in the series. They also allow Google to crawl from page to page, and PageRank to flow between pages in the series.","Ensure paginated URLs are linked to within <a> tags. This will allow them to be crawled and indexed, and pass PageRank onto any URLs they link to.",""
"Links: Internal Outlinks With No Anchor Text","Opportunity","Low","35","100.000","Pages that have internal links without anchor text or images that are hyperlinked without alt text. Anchor text is the visible text and words used in hyperlinks that provide users and search engines context about the content of the target page. Internal outlinks without anchor text can be seen in the 'Outlinks' tab, with the 'All Link Types' filter set to 'Hyperlinks', where the 'Anchor Text' column is blank, or if an image, the 'Alt Text' column is also blank. Export in bulk via 'Bulk Export > Links > Internal Outlinks With No Anchor Text'.","Review the missing anchor text outlinks and where appropriate include useful and descriptive anchor text to help users and search engines.",""
"Pagination: Non-Indexable","Warning","High","1","2.860","The paginated URL is non-indexable. Generally they should all be indexable, unless there is a 'view-all' page set, or there are extra parameters on pagination URLs, and they require canonicalising to a single URL. One of the most common mistakes is canonicalising page 2+ paginated pages to the first page in a series. Google recommend against this implementation because the component pages don't actually contain duplicate content. Another common mistake is using 'noindex', which can mean Google drops paginated URLs from the index completely and stops following outlinks from those pages, which can be a problem for the products on those pages.","Ensure paginated URLs are to canonical, indexable pages - so they can be crawled and indexed.",""
"Page Titles: Same as H1","Opportunity","Low","2","5.710","Page titles which match the h1 on the page exactly. This is not necessarily an issue, but may point to a potential opportunity to target alternative keywords, synonyms, or related key phrases.","This is not necessarily an issue, but may point to a potential opportunity to target alternative keywords, synonyms, or related key phrases.",""
"Content: Readability Difficult","Opportunity","Low","2","5.710","Copy on the page is difficult to read and best understood by college graduates according to the Flesch reading-ease score formula. Copy that has long sentences and uses complex words are generally harder to read and understand.","Consider improving the readability of copy for your target audience. Copy that uses shorter sentences with less complex words is often easier to read and understand.",""
"H2: Non-Sequential","Warning","Low","10","28.570","Pages with an <h2> that is not the second heading level after the <h1> on the page. Heading elements should be in a logical sequentially-descending order. The purpose of heading elements is to convey the structure of the page and they should be in logical order from <h1> to <h6>, which helps navigating the page and users that rely on assistive technologies.","Ensure the <h2> is the second heading on the page. Headings should be in a logical sequential order from <h1> to <h6>. Review and update page heading levels so they are descending in order, for example the heading element following an <h1> should be an <h2>, rather than an <h3>.",""
"H1: Missing","Issue","Medium","1","2.860","Pages which have a missing <h1>, the content is empty or has a whitespace. The <h1> should describe the main title and purpose of the page and are considered to be one of the stronger on-page ranking signals.","Ensure important pages have concise, descriptive and unique headings to help users, and enable search engines to score and rank the page for relevant search queries.",""
"Meta Description: Missing","Opportunity","Low","1","2.860","Pages which have a missing meta description, the content is empty or has a whitespace. This is a missed opportunity to communicate the benefits of your product or service and influence click through rates for important URLs.","It's important to write unique and descriptive meta descriptions on key pages to communicate the purpose of the page to users, and entice them to click on your result over the competition. It can also mean Google use this description for snippets in the search results for some queries, rather than make up their own based upon the content of the page.",""
"Page Titles: Over 561 Pixels","Opportunity","Medium","9","25.710","Pages which have page titles over Google's estimated pixel length limit for titles in search results. Google snippet length is actually based upon pixels limits, rather than a character length. The SEO Spider tries to match the latest pixel truncation points in the SERPs, but it is an approximation and Google adjusts them frequently.","Write concise page titles to ensure important words are not truncated in the search results, not visible to users and potentially weighted less in scoring.",""
"Security: Missing Content-Security-Policy Header","Warning","Low","1","2.220","URLs that are missing the Content-Security-Policy response header. This header allows a website to control which resources are loaded for a page. This policy can help guard against cross-site scripting (XSS) attacks that exploit the browser's trust of the content received from the server. The SEO Spider only checks for existence of the header, and does not interrogate the policies found within the header to determine whether they are well set-up for the website. This should be performed manually.","Set a strict Content-Security-Policy response header across all page to help mitigate cross site scripting (XSS) and data injection attacks.",""
"URL: Over 115 Characters","Opportunity","Low","1","2.220","URLs that are more than the configured length. This is generally not an issue, however research has shown that users prefer shorter, concise URL strings.","Where possible use logical and concise URLs for users and search engines. However, changing URLs is a big decision, and often it's not worth changing them for SEO purposes alone. If URLs are changed, then appropriate 301 redirects must be implemented.",""
"Page Titles: Below 30 Characters","Opportunity","Medium","1","2.860","Pages which have page titles under the configured limit. This isn't necessarily an issue, but it does indicate there might be room to target additional keywords or communicate your USPs.","Consider updating the page title to take advantage of the space left to include additional target keywords or USPs.",""
"Security: Missing X-Frame-Options Header","Warning","Low","1","2.220","URLs missing an X-Frame-Options response header with a 'DENY' or 'SAMEORIGIN' value. This instructs the browser not to render a page within a frame, iframe, embed or object. This helps avoid 'clickjacking' attacks, where your content is displayed on another web page that is controlled by an attacker.","To minimise security issues, the X-Frame-Options response header should be supplied with a 'DENY' or 'SAMEORIGIN' value.",""
"Meta Description: Over 985 Pixels","Opportunity","Low","9","25.710","Pages which have meta descriptions over Google's estimated pixel length limit for snippets. Google snippet length is actually based upon pixels limits, rather than a character length. The SEO Spider tries to match the latest pixel truncation points in the SERPs, but it is an approximation and Google adjusts them frequently.","Write concise meta descriptions to ensure important words are not truncated in the search results, and not visible to users.",""
"Validation: HTML Document Over 2MB","Issue","High","12","26.670","Pages which are over 2MB in document size. This is important as Googlebot limit their crawling and indexing to the first 2MB of an HTML file or supported text-based file. This size does not include resources referenced in the HTML such as images, videos, CSS, and JavaScript that are fetched separately. Google only considers the first 2MB of the file for indexing and stops crawling afterwards. The file size limit is applied on the uncompressed data. The median size of a HTML file is about 30 kilobytes (kB), so pages are highly unlikely to reach this limit.","Ensure all pages are below the configured limit in file size. Identify why the page is so ridiculously large, and consider any necessary improvements, such as moving inline CSS and scripts to external files or breaking up the page where appropriate.",""
"Security: Protocol-Relative Resource Links","Warning","Low","35","77.780","URLs that load resources such as images, JavaScript and CSS using protocol-relative links. A protocol-relative link is simply a link to a URL without specifying the scheme (for example, //screamingfrog.co.uk). It helps save developers time from having to specify the protocol and lets the browser determine it based upon the current connection to the resource. However, this technique is now an anti-pattern with HTTPS everywhere, and can expose some sites to 'man in the middle' compromises and performance issues","Update any resource links to be absolute links including the scheme (HTTPS) to avoid security and performance issues.",""
"URL: Repetitive Path","Warning","Low","1","2.220","URLs that have repetitive paths or subfolders within the string (example.com/page1/page/page1/page2). In some cases this can be legitimate and logical, however it also often points to poor URL structure and potential improvements. It can also help identify issues with incorrect relative linking, causing infinite URLs.","While not always an issue repetitive paths aren't particularly user friendly, or could be causing crawling issues if due to incorrect relative linking. Ideally any URL should be as concise as possible. However, changing URLs is a big decision, and often it's not worth changing them for SEO purposes alone. If URLs are changed, then appropriate 301 redirects must be implemented.",""
"Content: Low Content Pages","Opportunity","Medium","7","20.000","Pages with a word count that is below the default 200 words. The word count is based upon the content area settings used in the analysis which can be configured via 'Config > Content > Area'. There isn't a minimum word count for pages in reality, but the search engines do require descriptive text to understand the purpose of a page. This filter should only be used as a rough guide to help identify pages that might be improved by adding more descriptive content in the context of the website and page's purpose. Some websites, such as ecommerce, will naturally have lower word counts, which can be acceptable if a products details can be communicated efficiently.","Consider including additional descriptive content to help the user and search engines better understand the page.",""
"Canonicals: Canonicalised","Warning","High","2","5.710","Pages that have a canonical to a different URL. The URL is 'canonicalised' to another location. This means the search engines are being instructed to not index the page, and the indexing and linking properties should be consolidated to the URL in the canonical.","These URLs should be reviewed carefully to ensure the indexing and link signals are being consolidated to the correct URL. In a perfect world, a website wouldn't need to canonicalise any URLs as only canonical versions would be linked to internally on a website, but often they are required due to various circumstances outside of control, and to prevent duplicate content. Update internal links to canonical versions of URLs where possible.",""
"URL: Parameters","Warning","Low","1","2.220","URLs that include parameters such as '?' or '&'. This isn't an issue for Google or other search engines to crawl unless at significant scale, but it's recommended to limit the number of parameters in a URL which can be complicated for users, and can be a sign of low value-add URLs.","Where possible use a static URL structure without parameters for key indexable URLs. However, changing URLs is a big decision, and often it's not worth changing them for SEO purposes alone. If URLs are changed, then appropriate 301 redirects must be implemented.",""
"URL: GA Tracking Parameters","Warning","Low","1","2.220","URLs that contain Google Analytics tracking parameters. In addition to creating duplicate pages that must be crawled, using tracking parameters on links internally can overwrite the original session data. utm= parameters strip the original source of traffic and starts a new session with the specified attributes. _ga= and _gl= parameters are used for cross-domain linking and identify a specific user, including this on links prevents a unique user ID from being assigned.","Remove the tracking parameters from links. Event Tracking is recommended in place of utm parameters for tracking additional interactions on a page such as downloads, link clicks, form submissions, and video plays.",""
"Links: Internal Nofollow Outlinks","Warning","Low","35","100.000","Pages that use rel=""nofollow"" on internal outlinks. Links with nofollow link attributes will generally not be followed by search engines. Remember that the linked pages may be found through other means, such as other followed links, or XML Sitemaps etc. Nofollow outlinks can be seen in the 'Outlinks' tab with the 'All Link Types' filter set to 'Hyperlinks', where the 'Follow' column is 'False'. Export in bulk via 'Bulk Export > Links > Internal Nofollow Outlinks'.","Review the use of rel=""nofollow"" on internal links. These might be valid to URLs that ideally wouldn't be crawled, or they could be by mistake. Remove the nofollow link attribute to important URLs you wish to be crawled, indexed and receive PageRank.",""
"URL: Underscores","Opportunity","Low","1","2.220","URLs with underscores, which are not always seen as word separators by search engines.","Ideally hyphens should be used as word separators, rather than underscores. However, changing URLs is a big decision, and often it's not worth changing them for SEO purposes alone. If URLs are changed, then appropriate 301 redirects must be implemented.",""
