"Type","Source","Destination","Size (Bytes)"
"Image","https://offlimits.co.in/","https://cdn.shopify.com/s/files/1/0549/2926/0637/files/Mask_Group_11_2x_c8ab0a7c-97c0-460d-9505-5bb348f5420d.webp?v=1749454119","427251"
"Image","https://offlimits.co.in/","https://cdn.shopify.com/s/files/1/0549/2926/0637/files/Group_70_2x_99e145f2-4ded-4a50-988c-7c4c7ea0d014.png?v=1714382380","147189"
"Image","https://offlimits.co.in/collections/mens-bestsellers/products/gladiator-off-white-orm-661-02","https://cdn.shopify.com/s/files/1/0549/2926/0637/files/Group_70_2x_99e145f2-4ded-4a50-988c-7c4c7ea0d014.png?v=1714382380","147189"
"Image","https://offlimits.co.in/collections/mens-bestsellers/products/swat-orm-600-03","https://cdn.shopify.com/s/files/1/0549/2926/0637/files/Group_70_2x_99e145f2-4ded-4a50-988c-7c4c7ea0d014.png?v=1714382380","147189"
"Image","https://offlimits.co.in/collections/new-arrivals-2026/products/griffith-big-tall-off-white-green-ocm-936-05","https://cdn.shopify.com/s/files/1/0549/2926/0637/files/Group_70_2x_99e145f2-4ded-4a50-988c-7c4c7ea0d014.png?v=1714382380","147189"
"Image","https://offlimits.co.in/collections/men-clothing","https://cdn.shopify.com/s/files/1/0549/2926/0637/files/Group_70_2x_99e145f2-4ded-4a50-988c-7c4c7ea0d014.png?v=1714382380","147189"
"Image","https://offlimits.co.in/collections/women-track-suits","https://cdn.shopify.com/s/files/1/0549/2926/0637/files/Group_70_2x_99e145f2-4ded-4a50-988c-7c4c7ea0d014.png?v=1714382380","147189"
"Image","https://offlimits.co.in/collections/white-sneaker","https://cdn.shopify.com/s/files/1/0549/2926/0637/files/Group_70_2x_99e145f2-4ded-4a50-988c-7c4c7ea0d014.png?v=1714382380","147189"
"Image","https://offlimits.co.in/collections/new-arrivals","https://cdn.shopify.com/s/files/1/0549/2926/0637/files/Group_70_2x_99e145f2-4ded-4a50-988c-7c4c7ea0d014.png?v=1714382380","147189"
"Image","https://offlimits.co.in/collections/men-walking","https://cdn.shopify.com/s/files/1/0549/2926/0637/files/Group_70_2x_99e145f2-4ded-4a50-988c-7c4c7ea0d014.png?v=1714382380","147189"
"Image","https://offlimits.co.in/pages/shipping-policy","https://cdn.shopify.com/s/files/1/0549/2926/0637/files/Group_70_2x_99e145f2-4ded-4a50-988c-7c4c7ea0d014.png?v=1714382380","147189"
"Image","https://offlimits.co.in/pages/about-us","https://cdn.shopify.com/s/files/1/0549/2926/0637/files/Group_70_2x_99e145f2-4ded-4a50-988c-7c4c7ea0d014.png?v=1714382380","147189"
"Image","https://offlimits.co.in/collections/women-hoodies-jackets","https://cdn.shopify.com/s/files/1/0549/2926/0637/files/Group_70_2x_99e145f2-4ded-4a50-988c-7c4c7ea0d014.png?v=1714382380","147189"
"Image","https://offlimits.co.in/collections/women-lifestyle","https://cdn.shopify.com/s/files/1/0549/2926/0637/files/Group_70_2x_99e145f2-4ded-4a50-988c-7c4c7ea0d014.png?v=1714382380","147189"
"Image","https://offlimits.co.in/collections/mens-bestsellers/products/stussy-memory-tech-1-orm-407-08","https://cdn.shopify.com/s/files/1/0549/2926/0637/files/Group_70_2x_99e145f2-4ded-4a50-988c-7c4c7ea0d014.png?v=1714382380","147189"
"Image","https://offlimits.co.in/collections/new-arrivals-2026/products/hoop-off-white-honey-orm-867-02","https://cdn.shopify.com/s/files/1/0549/2926/0637/files/Group_70_2x_99e145f2-4ded-4a50-988c-7c4c7ea0d014.png?v=1714382380","147189"
"Image","https://offlimits.co.in/collections/new-arrivals-2026/products/roger-select-blue-ocm-915-12","https://cdn.shopify.com/s/files/1/0549/2926/0637/files/Group_70_2x_99e145f2-4ded-4a50-988c-7c4c7ea0d014.png?v=1714382380","147189"
"Image","https://offlimits.co.in/collections/limited-edition","https://cdn.shopify.com/s/files/1/0549/2926/0637/files/Group_70_2x_99e145f2-4ded-4a50-988c-7c4c7ea0d014.png?v=1714382380","147189"
"Image","https://offlimits.co.in/collections/women-shoes","https://cdn.shopify.com/s/files/1/0549/2926/0637/files/Group_70_2x_99e145f2-4ded-4a50-988c-7c4c7ea0d014.png?v=1714382380","147189"
"Image","https://offlimits.co.in/collections/mens-running-gym-shoes","https://cdn.shopify.com/s/files/1/0549/2926/0637/files/Group_70_2x_99e145f2-4ded-4a50-988c-7c4c7ea0d014.png?v=1714382380","147189"
"Image","https://offlimits.co.in/collections/low-top-shoes-for-men","https://cdn.shopify.com/s/files/1/0549/2926/0637/files/Group_70_2x_99e145f2-4ded-4a50-988c-7c4c7ea0d014.png?v=1714382380","147189"
"Image","https://offlimits.co.in/collections/men-lifestyle-recover-kicks","https://cdn.shopify.com/s/files/1/0549/2926/0637/files/Group_70_2x_99e145f2-4ded-4a50-988c-7c4c7ea0d014.png?v=1714382380","147189"
"Image","https://offlimits.co.in/collections/women-running-shoes","https://cdn.shopify.com/s/files/1/0549/2926/0637/files/Group_70_2x_99e145f2-4ded-4a50-988c-7c4c7ea0d014.png?v=1714382380","147189"
"Image","https://offlimits.co.in/pages/technology","https://cdn.shopify.com/s/files/1/0549/2926/0637/files/Group_70_2x_99e145f2-4ded-4a50-988c-7c4c7ea0d014.png?v=1714382380","147189"
"Image","https://offlimits.co.in/collections/men-shorts","https://cdn.shopify.com/s/files/1/0549/2926/0637/files/Group_70_2x_99e145f2-4ded-4a50-988c-7c4c7ea0d014.png?v=1714382380","147189"
"Image","https://offlimits.co.in/collections/men-running-shoes","https://cdn.shopify.com/s/files/1/0549/2926/0637/files/Group_70_2x_99e145f2-4ded-4a50-988c-7c4c7ea0d014.png?v=1714382380","147189"
"Image","https://offlimits.co.in/collections/mens-running-gym-shoes/products/gladiator-light-grey-orm-661-06","https://cdn.shopify.com/s/files/1/0549/2926/0637/files/Group_70_2x_99e145f2-4ded-4a50-988c-7c4c7ea0d014.png?v=1714382380","147189"
"Image","https://offlimits.co.in/collections/low-top-shoes-for-men/products/speed-cat-crazy-horse-tan-ocm-062-04","https://cdn.shopify.com/s/files/1/0549/2926/0637/files/Group_70_2x_99e145f2-4ded-4a50-988c-7c4c7ea0d014.png?v=1714382380","147189"
"Image","https://offlimits.co.in/collections/men-lifestyle-recover-kicks/products/magnum-black-ocm-750-02","https://cdn.shopify.com/s/files/1/0549/2926/0637/files/Group_70_2x_99e145f2-4ded-4a50-988c-7c4c7ea0d014.png?v=1714382380","147189"
"Image","https://offlimits.co.in/collections/men-lifestyle-recover-kicks/products/stussy-brown-orm-407-40","https://cdn.shopify.com/s/files/1/0549/2926/0637/files/Group_70_2x_99e145f2-4ded-4a50-988c-7c4c7ea0d014.png?v=1714382380","147189"
"Image","https://offlimits.co.in/collections/men-lifestyle-recover-kicks/products/tribe-x-black-matte-ocm-769-02","https://cdn.shopify.com/s/files/1/0549/2926/0637/files/Group_70_2x_99e145f2-4ded-4a50-988c-7c4c7ea0d014.png?v=1714382380","147189"
"Image","https://offlimits.co.in/collections/women-running-shoes/products/pulsara-for-her-off-white-pink-orw-889-02","https://cdn.shopify.com/s/files/1/0549/2926/0637/files/Group_70_2x_99e145f2-4ded-4a50-988c-7c4c7ea0d014.png?v=1714382380","147189"
"Image","https://offlimits.co.in/collections/women-running-shoes/products/speedster-for-her-off-white-light-grey-orw-730-06","https://cdn.shopify.com/s/files/1/0549/2926/0637/files/Group_70_2x_99e145f2-4ded-4a50-988c-7c4c7ea0d014.png?v=1714382380","147189"
"Image","https://offlimits.co.in/collections/men-shorts/products/mens-pol-cns-mesh-shorts-obm-77-01","https://cdn.shopify.com/s/files/1/0549/2926/0637/files/Group_70_2x_99e145f2-4ded-4a50-988c-7c4c7ea0d014.png?v=1714382380","147189"
"Image","https://offlimits.co.in/collections/men-running-shoes/products/gladiator-off-white-orm-661-02","https://cdn.shopify.com/s/files/1/0549/2926/0637/files/Group_70_2x_99e145f2-4ded-4a50-988c-7c4c7ea0d014.png?v=1714382380","147189"
"Image","https://offlimits.co.in/collections/men-running-shoes/products/gladiator-off-white-beige-orm-661-17","https://cdn.shopify.com/s/files/1/0549/2926/0637/files/Group_70_2x_99e145f2-4ded-4a50-988c-7c4c7ea0d014.png?v=1714382380","147189"
"Image","https://offlimits.co.in/","https://cdn.shopify.com/s/files/1/0549/2926/0637/files/Group_76_3x_08fc6c44-c6d8-4d00-8ea5-c46ebc8d894e.png?v=1714453961","822833"
"Image","https://offlimits.co.in/","https://cdn.shopify.com/s/files/1/0549/2926/0637/files/Group_85_2x_63ebe7e7-ce79-4eeb-8b6b-75acf9489bdf.png?v=1714394634","373086"
"Image","https://offlimits.co.in/","https://cdn.shopify.com/s/files/1/0549/2926/0637/files/6989d89379a88_size_15_dbead77f-4b21-4dc6-9be5-3cb4dc5a724e.png?v=1770643023","222635"
"Image","https://offlimits.co.in/","https://cdn.shopify.com/s/files/1/0549/2926/0637/files/6989d89379a88_size_15_dbead77f-4b21-4dc6-9be5-3cb4dc5a724e.png?v=1770643023","222635"
"Image","https://offlimits.co.in/","https://cdn.shopify.com/s/files/1/0549/2926/0637/files/6989d89379a88_size_15_dbead77f-4b21-4dc6-9be5-3cb4dc5a724e.png?v=1770643023","222635"
"Image","https://offlimits.co.in/","https://cdn.shopify.com/s/files/1/0549/2926/0637/files/6989d89379a88_size_15_dbead77f-4b21-4dc6-9be5-3cb4dc5a724e.png?v=1770643023","222635"
"Image","https://offlimits.co.in/","https://cdn.shopify.com/s/files/1/0549/2926/0637/files/6989d89379a88_size_15_dbead77f-4b21-4dc6-9be5-3cb4dc5a724e.png?v=1770643023","222635"
"Image","https://offlimits.co.in/","https://cdn.shopify.com/s/files/1/0549/2926/0637/files/6989d89379a88_size_15_dbead77f-4b21-4dc6-9be5-3cb4dc5a724e.png?v=1770643023","222635"
"Image","https://offlimits.co.in/","https://cdn.shopify.com/s/files/1/0549/2926/0637/files/6989d89379a88_size_15_dbead77f-4b21-4dc6-9be5-3cb4dc5a724e.png?v=1770643023","222635"
"Image","https://offlimits.co.in/collections/new-arrivals-2026/products/griffith-big-tall-off-white-green-ocm-936-05","https://cdn.shopify.com/s/files/1/0549/2926/0637/files/6989d89379a88_size_15_dbead77f-4b21-4dc6-9be5-3cb4dc5a724e.png?v=1770643023","222635"
"Image","https://offlimits.co.in/collections/new-arrivals-2026/products/griffith-big-tall-off-white-green-ocm-936-05","https://cdn.shopify.com/s/files/1/0549/2926/0637/files/6989d89379a88_size_15_dbead77f-4b21-4dc6-9be5-3cb4dc5a724e.png?v=1770643023","222635"
"Image","https://offlimits.co.in/collections/new-arrivals-2026/products/griffith-big-tall-off-white-green-ocm-936-05","https://cdn.shopify.com/s/files/1/0549/2926/0637/files/6989d89379a88_size_15_dbead77f-4b21-4dc6-9be5-3cb4dc5a724e.png?v=1770643023","222635"
"Image","https://offlimits.co.in/collections/new-arrivals-2026/products/griffith-big-tall-off-white-green-ocm-936-05","https://cdn.shopify.com/s/files/1/0549/2926/0637/files/6989d89379a88_size_15_dbead77f-4b21-4dc6-9be5-3cb4dc5a724e.png?v=1770643023","222635"
"Image","https://offlimits.co.in/collections/new-arrivals-2026/products/griffith-big-tall-off-white-green-ocm-936-05","https://cdn.shopify.com/s/files/1/0549/2926/0637/files/6989d89379a88_size_15_dbead77f-4b21-4dc6-9be5-3cb4dc5a724e.png?v=1770643023","222635"
"Image","https://offlimits.co.in/collections/new-arrivals-2026/products/griffith-big-tall-off-white-green-ocm-936-05","https://cdn.shopify.com/s/files/1/0549/2926/0637/files/6989d89379a88_size_15_dbead77f-4b21-4dc6-9be5-3cb4dc5a724e.png?v=1770643023","222635"
"Image","https://offlimits.co.in/collections/new-arrivals-2026/products/griffith-big-tall-off-white-green-ocm-936-05","https://cdn.shopify.com/s/files/1/0549/2926/0637/files/6989d89379a88_size_15_dbead77f-4b21-4dc6-9be5-3cb4dc5a724e.png?v=1770643023","222635"
"Image","https://offlimits.co.in/collections/new-arrivals-2026/products/griffith-big-tall-off-white-green-ocm-936-05","https://cdn.shopify.com/s/files/1/0549/2926/0637/files/6989d89379a88_size_15_dbead77f-4b21-4dc6-9be5-3cb4dc5a724e.png?v=1770643023","222635"
"Image","https://offlimits.co.in/collections/new-arrivals-2026/products/griffith-big-tall-off-white-green-ocm-936-05","https://cdn.shopify.com/s/files/1/0549/2926/0637/files/6989d89379a88_size_15_dbead77f-4b21-4dc6-9be5-3cb4dc5a724e.png?v=1770643023","222635"
"Image","https://offlimits.co.in/collections/new-arrivals-2026/products/griffith-big-tall-off-white-green-ocm-936-05","https://cdn.shopify.com/s/files/1/0549/2926/0637/files/6989d89379a88_size_15_dbead77f-4b21-4dc6-9be5-3cb4dc5a724e.png?v=1770643023","222635"
"Image","https://offlimits.co.in/collections/new-arrivals-2026/products/griffith-big-tall-off-white-green-ocm-936-05","https://cdn.shopify.com/s/files/1/0549/2926/0637/files/6989d89379a88_size_15_dbead77f-4b21-4dc6-9be5-3cb4dc5a724e.png?v=1770643023","222635"
"Image","https://offlimits.co.in/collections/new-arrivals-2026/products/griffith-big-tall-off-white-green-ocm-936-05","https://cdn.shopify.com/s/files/1/0549/2926/0637/files/6989d89379a88_size_15_dbead77f-4b21-4dc6-9be5-3cb4dc5a724e.png?v=1770643023","222635"
"Image","https://offlimits.co.in/collections/white-sneaker","https://cdn.shopify.com/s/files/1/0549/2926/0637/files/6989d89379a88_size_15_dbead77f-4b21-4dc6-9be5-3cb4dc5a724e.png?v=1770643023","222635"
"Image","https://offlimits.co.in/collections/white-sneaker","https://cdn.shopify.com/s/files/1/0549/2926/0637/files/6989d89379a88_size_15_dbead77f-4b21-4dc6-9be5-3cb4dc5a724e.png?v=1770643023","222635"
"Image","https://offlimits.co.in/collections/white-sneaker","https://cdn.shopify.com/s/files/1/0549/2926/0637/files/6989d89379a88_size_15_dbead77f-4b21-4dc6-9be5-3cb4dc5a724e.png?v=1770643023","222635"
"Image","https://offlimits.co.in/collections/white-sneaker","https://cdn.shopify.com/s/files/1/0549/2926/0637/files/6989d89379a88_size_15_dbead77f-4b21-4dc6-9be5-3cb4dc5a724e.png?v=1770643023","222635"
"Image","https://offlimits.co.in/collections/white-sneaker","https://cdn.shopify.com/s/files/1/0549/2926/0637/files/6989d89379a88_size_15_dbead77f-4b21-4dc6-9be5-3cb4dc5a724e.png?v=1770643023","222635"
"Image","https://offlimits.co.in/collections/white-sneaker","https://cdn.shopify.com/s/files/1/0549/2926/0637/files/6989d89379a88_size_15_dbead77f-4b21-4dc6-9be5-3cb4dc5a724e.png?v=1770643023","222635"
"Image","https://offlimits.co.in/collections/white-sneaker","https://cdn.shopify.com/s/files/1/0549/2926/0637/files/6989d89379a88_size_15_dbead77f-4b21-4dc6-9be5-3cb4dc5a724e.png?v=1770643023","222635"
"Image","https://offlimits.co.in/collections/white-sneaker","https://cdn.shopify.com/s/files/1/0549/2926/0637/files/6989d89379a88_size_15_dbead77f-4b21-4dc6-9be5-3cb4dc5a724e.png?v=1770643023","222635"
"Image","https://offlimits.co.in/collections/white-sneaker","https://cdn.shopify.com/s/files/1/0549/2926/0637/files/6989d89379a88_size_15_dbead77f-4b21-4dc6-9be5-3cb4dc5a724e.png?v=1770643023","222635"
"Image","https://offlimits.co.in/collections/white-sneaker","https://cdn.shopify.com/s/files/1/0549/2926/0637/files/6989d89379a88_size_15_dbead77f-4b21-4dc6-9be5-3cb4dc5a724e.png?v=1770643023","222635"
"Image","https://offlimits.co.in/collections/white-sneaker","https://cdn.shopify.com/s/files/1/0549/2926/0637/files/6989d89379a88_size_15_dbead77f-4b21-4dc6-9be5-3cb4dc5a724e.png?v=1770643023","222635"
"Image","https://offlimits.co.in/collections/white-sneaker","https://cdn.shopify.com/s/files/1/0549/2926/0637/files/6989d89379a88_size_15_dbead77f-4b21-4dc6-9be5-3cb4dc5a724e.png?v=1770643023","222635"
"Image","https://offlimits.co.in/collections/new-arrivals","https://cdn.shopify.com/s/files/1/0549/2926/0637/files/6989d89379a88_size_15_dbead77f-4b21-4dc6-9be5-3cb4dc5a724e.png?v=1770643023","222635"
"Image","https://offlimits.co.in/collections/new-arrivals","https://cdn.shopify.com/s/files/1/0549/2926/0637/files/6989d89379a88_size_15_dbead77f-4b21-4dc6-9be5-3cb4dc5a724e.png?v=1770643023","222635"
"Image","https://offlimits.co.in/collections/new-arrivals","https://cdn.shopify.com/s/files/1/0549/2926/0637/files/6989d89379a88_size_15_dbead77f-4b21-4dc6-9be5-3cb4dc5a724e.png?v=1770643023","222635"
"Image","https://offlimits.co.in/collections/new-arrivals","https://cdn.shopify.com/s/files/1/0549/2926/0637/files/6989d89379a88_size_15_dbead77f-4b21-4dc6-9be5-3cb4dc5a724e.png?v=1770643023","222635"
"Image","https://offlimits.co.in/collections/new-arrivals","https://cdn.shopify.com/s/files/1/0549/2926/0637/files/6989d89379a88_size_15_dbead77f-4b21-4dc6-9be5-3cb4dc5a724e.png?v=1770643023","222635"
"Image","https://offlimits.co.in/collections/new-arrivals","https://cdn.shopify.com/s/files/1/0549/2926/0637/files/6989d89379a88_size_15_dbead77f-4b21-4dc6-9be5-3cb4dc5a724e.png?v=1770643023","222635"
"Image","https://offlimits.co.in/collections/new-arrivals","https://cdn.shopify.com/s/files/1/0549/2926/0637/files/6989d89379a88_size_15_dbead77f-4b21-4dc6-9be5-3cb4dc5a724e.png?v=1770643023","222635"
"Image","https://offlimits.co.in/collections/new-arrivals","https://cdn.shopify.com/s/files/1/0549/2926/0637/files/6989d89379a88_size_15_dbead77f-4b21-4dc6-9be5-3cb4dc5a724e.png?v=1770643023","222635"
"Image","https://offlimits.co.in/collections/new-arrivals","https://cdn.shopify.com/s/files/1/0549/2926/0637/files/6989d89379a88_size_15_dbead77f-4b21-4dc6-9be5-3cb4dc5a724e.png?v=1770643023","222635"
"Image","https://offlimits.co.in/collections/new-arrivals","https://cdn.shopify.com/s/files/1/0549/2926/0637/files/6989d89379a88_size_15_dbead77f-4b21-4dc6-9be5-3cb4dc5a724e.png?v=1770643023","222635"
"Image","https://offlimits.co.in/collections/new-arrivals","https://cdn.shopify.com/s/files/1/0549/2926/0637/files/6989d89379a88_size_15_dbead77f-4b21-4dc6-9be5-3cb4dc5a724e.png?v=1770643023","222635"
"Image","https://offlimits.co.in/collections/new-arrivals","https://cdn.shopify.com/s/files/1/0549/2926/0637/files/6989d89379a88_size_15_dbead77f-4b21-4dc6-9be5-3cb4dc5a724e.png?v=1770643023","222635"
"Image","https://offlimits.co.in/collections/new-arrivals","https://cdn.shopify.com/s/files/1/0549/2926/0637/files/6989d89379a88_size_15_dbead77f-4b21-4dc6-9be5-3cb4dc5a724e.png?v=1770643023","222635"
"Image","https://offlimits.co.in/collections/new-arrivals","https://cdn.shopify.com/s/files/1/0549/2926/0637/files/6989d89379a88_size_15_dbead77f-4b21-4dc6-9be5-3cb4dc5a724e.png?v=1770643023","222635"
"Image","https://offlimits.co.in/collections/new-arrivals","https://cdn.shopify.com/s/files/1/0549/2926/0637/files/6989d89379a88_size_15_dbead77f-4b21-4dc6-9be5-3cb4dc5a724e.png?v=1770643023","222635"
"Image","https://offlimits.co.in/collections/low-top-shoes-for-men","https://cdn.shopify.com/s/files/1/0549/2926/0637/files/6989d89379a88_size_15_dbead77f-4b21-4dc6-9be5-3cb4dc5a724e.png?v=1770643023","222635"
"Image","https://offlimits.co.in/collections/men-running-shoes","https://cdn.shopify.com/s/files/1/0549/2926/0637/files/6989d89379a88_size_15_dbead77f-4b21-4dc6-9be5-3cb4dc5a724e.png?v=1770643023","222635"
"Image","https://offlimits.co.in/collections/men-running-shoes","https://cdn.shopify.com/s/files/1/0549/2926/0637/files/6989d89379a88_size_15_dbead77f-4b21-4dc6-9be5-3cb4dc5a724e.png?v=1770643023","222635"
"Image","https://offlimits.co.in/collections/men-running-shoes","https://cdn.shopify.com/s/files/1/0549/2926/0637/files/6989d89379a88_size_15_dbead77f-4b21-4dc6-9be5-3cb4dc5a724e.png?v=1770643023","222635"
"Image","https://offlimits.co.in/","https://cdn.shopify.com/s/files/1/0549/2926/0637/files/Mask_Group_45_2x_a50b4329-12b5-4442-9b38-4d4878dfd311.png?v=1714371480","123998"
"Image","https://offlimits.co.in/collections/mens-bestsellers/products/gladiator-off-white-orm-661-02","https://cdn.shopify.com/s/files/1/0549/2926/0637/files/Mask_Group_45_2x_a50b4329-12b5-4442-9b38-4d4878dfd311.png?v=1714371480","123998"
"Image","https://offlimits.co.in/collections/mens-bestsellers/products/swat-orm-600-03","https://cdn.shopify.com/s/files/1/0549/2926/0637/files/Mask_Group_45_2x_a50b4329-12b5-4442-9b38-4d4878dfd311.png?v=1714371480","123998"
"Image","https://offlimits.co.in/collections/new-arrivals-2026/products/griffith-big-tall-off-white-green-ocm-936-05","https://cdn.shopify.com/s/files/1/0549/2926/0637/files/Mask_Group_45_2x_a50b4329-12b5-4442-9b38-4d4878dfd311.png?v=1714371480","123998"
"Image","https://offlimits.co.in/collections/men-clothing","https://cdn.shopify.com/s/files/1/0549/2926/0637/files/Mask_Group_45_2x_a50b4329-12b5-4442-9b38-4d4878dfd311.png?v=1714371480","123998"
"Image","https://offlimits.co.in/collections/women-track-suits","https://cdn.shopify.com/s/files/1/0549/2926/0637/files/Mask_Group_45_2x_a50b4329-12b5-4442-9b38-4d4878dfd311.png?v=1714371480","123998"
"Image","https://offlimits.co.in/collections/white-sneaker","https://cdn.shopify.com/s/files/1/0549/2926/0637/files/Mask_Group_45_2x_a50b4329-12b5-4442-9b38-4d4878dfd311.png?v=1714371480","123998"
"Image","https://offlimits.co.in/collections/new-arrivals","https://cdn.shopify.com/s/files/1/0549/2926/0637/files/Mask_Group_45_2x_a50b4329-12b5-4442-9b38-4d4878dfd311.png?v=1714371480","123998"
"Image","https://offlimits.co.in/collections/men-walking","https://cdn.shopify.com/s/files/1/0549/2926/0637/files/Mask_Group_45_2x_a50b4329-12b5-4442-9b38-4d4878dfd311.png?v=1714371480","123998"
"Image","https://offlimits.co.in/pages/shipping-policy","https://cdn.shopify.com/s/files/1/0549/2926/0637/files/Mask_Group_45_2x_a50b4329-12b5-4442-9b38-4d4878dfd311.png?v=1714371480","123998"
"Image","https://offlimits.co.in/pages/about-us","https://cdn.shopify.com/s/files/1/0549/2926/0637/files/Mask_Group_45_2x_a50b4329-12b5-4442-9b38-4d4878dfd311.png?v=1714371480","123998"
"Image","https://offlimits.co.in/collections/women-hoodies-jackets","https://cdn.shopify.com/s/files/1/0549/2926/0637/files/Mask_Group_45_2x_a50b4329-12b5-4442-9b38-4d4878dfd311.png?v=1714371480","123998"
"Image","https://offlimits.co.in/collections/women-lifestyle","https://cdn.shopify.com/s/files/1/0549/2926/0637/files/Mask_Group_45_2x_a50b4329-12b5-4442-9b38-4d4878dfd311.png?v=1714371480","123998"
"Image","https://offlimits.co.in/collections/mens-bestsellers/products/stussy-memory-tech-1-orm-407-08","https://cdn.shopify.com/s/files/1/0549/2926/0637/files/Mask_Group_45_2x_a50b4329-12b5-4442-9b38-4d4878dfd311.png?v=1714371480","123998"
"Image","https://offlimits.co.in/collections/new-arrivals-2026/products/hoop-off-white-honey-orm-867-02","https://cdn.shopify.com/s/files/1/0549/2926/0637/files/Mask_Group_45_2x_a50b4329-12b5-4442-9b38-4d4878dfd311.png?v=1714371480","123998"
"Image","https://offlimits.co.in/collections/new-arrivals-2026/products/roger-select-blue-ocm-915-12","https://cdn.shopify.com/s/files/1/0549/2926/0637/files/Mask_Group_45_2x_a50b4329-12b5-4442-9b38-4d4878dfd311.png?v=1714371480","123998"
"Image","https://offlimits.co.in/collections/limited-edition","https://cdn.shopify.com/s/files/1/0549/2926/0637/files/Mask_Group_45_2x_a50b4329-12b5-4442-9b38-4d4878dfd311.png?v=1714371480","123998"
"Image","https://offlimits.co.in/collections/women-shoes","https://cdn.shopify.com/s/files/1/0549/2926/0637/files/Mask_Group_45_2x_a50b4329-12b5-4442-9b38-4d4878dfd311.png?v=1714371480","123998"
"Image","https://offlimits.co.in/collections/mens-running-gym-shoes","https://cdn.shopify.com/s/files/1/0549/2926/0637/files/Mask_Group_45_2x_a50b4329-12b5-4442-9b38-4d4878dfd311.png?v=1714371480","123998"
"Image","https://offlimits.co.in/collections/low-top-shoes-for-men","https://cdn.shopify.com/s/files/1/0549/2926/0637/files/Mask_Group_45_2x_a50b4329-12b5-4442-9b38-4d4878dfd311.png?v=1714371480","123998"
"Image","https://offlimits.co.in/collections/men-lifestyle-recover-kicks","https://cdn.shopify.com/s/files/1/0549/2926/0637/files/Mask_Group_45_2x_a50b4329-12b5-4442-9b38-4d4878dfd311.png?v=1714371480","123998"
"Image","https://offlimits.co.in/collections/women-running-shoes","https://cdn.shopify.com/s/files/1/0549/2926/0637/files/Mask_Group_45_2x_a50b4329-12b5-4442-9b38-4d4878dfd311.png?v=1714371480","123998"
"Image","https://offlimits.co.in/pages/technology","https://cdn.shopify.com/s/files/1/0549/2926/0637/files/Mask_Group_45_2x_a50b4329-12b5-4442-9b38-4d4878dfd311.png?v=1714371480","123998"
"Image","https://offlimits.co.in/collections/men-shorts","https://cdn.shopify.com/s/files/1/0549/2926/0637/files/Mask_Group_45_2x_a50b4329-12b5-4442-9b38-4d4878dfd311.png?v=1714371480","123998"
"Image","https://offlimits.co.in/collections/men-running-shoes","https://cdn.shopify.com/s/files/1/0549/2926/0637/files/Mask_Group_45_2x_a50b4329-12b5-4442-9b38-4d4878dfd311.png?v=1714371480","123998"
"Image","https://offlimits.co.in/collections/mens-running-gym-shoes/products/gladiator-light-grey-orm-661-06","https://cdn.shopify.com/s/files/1/0549/2926/0637/files/Mask_Group_45_2x_a50b4329-12b5-4442-9b38-4d4878dfd311.png?v=1714371480","123998"
"Image","https://offlimits.co.in/collections/low-top-shoes-for-men/products/speed-cat-crazy-horse-tan-ocm-062-04","https://cdn.shopify.com/s/files/1/0549/2926/0637/files/Mask_Group_45_2x_a50b4329-12b5-4442-9b38-4d4878dfd311.png?v=1714371480","123998"
"Image","https://offlimits.co.in/collections/men-lifestyle-recover-kicks/products/magnum-black-ocm-750-02","https://cdn.shopify.com/s/files/1/0549/2926/0637/files/Mask_Group_45_2x_a50b4329-12b5-4442-9b38-4d4878dfd311.png?v=1714371480","123998"
"Image","https://offlimits.co.in/collections/men-lifestyle-recover-kicks/products/stussy-brown-orm-407-40","https://cdn.shopify.com/s/files/1/0549/2926/0637/files/Mask_Group_45_2x_a50b4329-12b5-4442-9b38-4d4878dfd311.png?v=1714371480","123998"
"Image","https://offlimits.co.in/collections/men-lifestyle-recover-kicks/products/tribe-x-black-matte-ocm-769-02","https://cdn.shopify.com/s/files/1/0549/2926/0637/files/Mask_Group_45_2x_a50b4329-12b5-4442-9b38-4d4878dfd311.png?v=1714371480","123998"
"Image","https://offlimits.co.in/collections/women-running-shoes/products/pulsara-for-her-off-white-pink-orw-889-02","https://cdn.shopify.com/s/files/1/0549/2926/0637/files/Mask_Group_45_2x_a50b4329-12b5-4442-9b38-4d4878dfd311.png?v=1714371480","123998"
"Image","https://offlimits.co.in/collections/women-running-shoes/products/speedster-for-her-off-white-light-grey-orw-730-06","https://cdn.shopify.com/s/files/1/0549/2926/0637/files/Mask_Group_45_2x_a50b4329-12b5-4442-9b38-4d4878dfd311.png?v=1714371480","123998"
"Image","https://offlimits.co.in/collections/men-shorts/products/mens-pol-cns-mesh-shorts-obm-77-01","https://cdn.shopify.com/s/files/1/0549/2926/0637/files/Mask_Group_45_2x_a50b4329-12b5-4442-9b38-4d4878dfd311.png?v=1714371480","123998"
"Image","https://offlimits.co.in/collections/men-running-shoes/products/gladiator-off-white-orm-661-02","https://cdn.shopify.com/s/files/1/0549/2926/0637/files/Mask_Group_45_2x_a50b4329-12b5-4442-9b38-4d4878dfd311.png?v=1714371480","123998"
"Image","https://offlimits.co.in/collections/men-running-shoes/products/gladiator-off-white-beige-orm-661-17","https://cdn.shopify.com/s/files/1/0549/2926/0637/files/Mask_Group_45_2x_a50b4329-12b5-4442-9b38-4d4878dfd311.png?v=1714371480","123998"
"Image","https://offlimits.co.in/collections/mens-bestsellers/products/gladiator-off-white-orm-661-02","https://cdn.shopify.com/s/files/1/0549/2926/0637/files/A_2.png?width=800","433677"
"Image","https://offlimits.co.in/collections/mens-bestsellers/products/swat-orm-600-03","https://cdn.shopify.com/s/files/1/0549/2926/0637/files/A_2.png?width=800","433677"
"Image","https://offlimits.co.in/collections/new-arrivals-2026/products/griffith-big-tall-off-white-green-ocm-936-05","https://cdn.shopify.com/s/files/1/0549/2926/0637/files/A_2.png?width=800","433677"
"Image","https://offlimits.co.in/collections/mens-bestsellers/products/stussy-memory-tech-1-orm-407-08","https://cdn.shopify.com/s/files/1/0549/2926/0637/files/A_2.png?width=800","433677"
"Image","https://offlimits.co.in/collections/new-arrivals-2026/products/hoop-off-white-honey-orm-867-02","https://cdn.shopify.com/s/files/1/0549/2926/0637/files/A_2.png?width=800","433677"
"Image","https://offlimits.co.in/collections/new-arrivals-2026/products/roger-select-blue-ocm-915-12","https://cdn.shopify.com/s/files/1/0549/2926/0637/files/A_2.png?width=800","433677"
"Image","https://offlimits.co.in/collections/mens-running-gym-shoes/products/gladiator-light-grey-orm-661-06","https://cdn.shopify.com/s/files/1/0549/2926/0637/files/A_2.png?width=800","433677"
"Image","https://offlimits.co.in/collections/low-top-shoes-for-men/products/speed-cat-crazy-horse-tan-ocm-062-04","https://cdn.shopify.com/s/files/1/0549/2926/0637/files/A_2.png?width=800","433677"
"Image","https://offlimits.co.in/collections/men-lifestyle-recover-kicks/products/magnum-black-ocm-750-02","https://cdn.shopify.com/s/files/1/0549/2926/0637/files/A_2.png?width=800","433677"
"Image","https://offlimits.co.in/collections/men-lifestyle-recover-kicks/products/stussy-brown-orm-407-40","https://cdn.shopify.com/s/files/1/0549/2926/0637/files/A_2.png?width=800","433677"
"Image","https://offlimits.co.in/collections/men-lifestyle-recover-kicks/products/tribe-x-black-matte-ocm-769-02","https://cdn.shopify.com/s/files/1/0549/2926/0637/files/A_2.png?width=800","433677"
"Image","https://offlimits.co.in/collections/women-running-shoes/products/pulsara-for-her-off-white-pink-orw-889-02","https://cdn.shopify.com/s/files/1/0549/2926/0637/files/A_2.png?width=800","433677"
"Image","https://offlimits.co.in/collections/women-running-shoes/products/speedster-for-her-off-white-light-grey-orw-730-06","https://cdn.shopify.com/s/files/1/0549/2926/0637/files/A_2.png?width=800","433677"
"Image","https://offlimits.co.in/collections/men-shorts/products/mens-pol-cns-mesh-shorts-obm-77-01","https://cdn.shopify.com/s/files/1/0549/2926/0637/files/A_2.png?width=800","433677"
"Image","https://offlimits.co.in/collections/men-running-shoes/products/gladiator-off-white-orm-661-02","https://cdn.shopify.com/s/files/1/0549/2926/0637/files/A_2.png?width=800","433677"
"Image","https://offlimits.co.in/collections/men-running-shoes/products/gladiator-off-white-beige-orm-661-17","https://cdn.shopify.com/s/files/1/0549/2926/0637/files/A_2.png?width=800","433677"
"Image","https://offlimits.co.in/collections/mens-bestsellers/products/gladiator-off-white-orm-661-02","https://offlimits.co.in/cdn/shop/files/ORM-66102_6.jpg?v=1772535918","113130"
"Image","https://offlimits.co.in/collections/men-running-shoes/products/gladiator-off-white-orm-661-02","https://offlimits.co.in/cdn/shop/files/ORM-66102_6.jpg?v=1772535918","113130"
"Image","https://offlimits.co.in/collections/mens-bestsellers/products/gladiator-off-white-orm-661-02","https://cdn.shopify.com/s/files/1/0549/2926/0637/files/A_3.png?width=800","587790"
"Image","https://offlimits.co.in/collections/mens-bestsellers/products/swat-orm-600-03","https://cdn.shopify.com/s/files/1/0549/2926/0637/files/A_3.png?width=800","587790"
"Image","https://offlimits.co.in/collections/new-arrivals-2026/products/griffith-big-tall-off-white-green-ocm-936-05","https://cdn.shopify.com/s/files/1/0549/2926/0637/files/A_3.png?width=800","587790"
"Image","https://offlimits.co.in/collections/mens-bestsellers/products/stussy-memory-tech-1-orm-407-08","https://cdn.shopify.com/s/files/1/0549/2926/0637/files/A_3.png?width=800","587790"
"Image","https://offlimits.co.in/collections/new-arrivals-2026/products/hoop-off-white-honey-orm-867-02","https://cdn.shopify.com/s/files/1/0549/2926/0637/files/A_3.png?width=800","587790"
"Image","https://offlimits.co.in/collections/new-arrivals-2026/products/roger-select-blue-ocm-915-12","https://cdn.shopify.com/s/files/1/0549/2926/0637/files/A_3.png?width=800","587790"
"Image","https://offlimits.co.in/collections/mens-running-gym-shoes/products/gladiator-light-grey-orm-661-06","https://cdn.shopify.com/s/files/1/0549/2926/0637/files/A_3.png?width=800","587790"
"Image","https://offlimits.co.in/collections/low-top-shoes-for-men/products/speed-cat-crazy-horse-tan-ocm-062-04","https://cdn.shopify.com/s/files/1/0549/2926/0637/files/A_3.png?width=800","587790"
"Image","https://offlimits.co.in/collections/men-lifestyle-recover-kicks/products/magnum-black-ocm-750-02","https://cdn.shopify.com/s/files/1/0549/2926/0637/files/A_3.png?width=800","587790"
"Image","https://offlimits.co.in/collections/men-lifestyle-recover-kicks/products/stussy-brown-orm-407-40","https://cdn.shopify.com/s/files/1/0549/2926/0637/files/A_3.png?width=800","587790"
"Image","https://offlimits.co.in/collections/men-lifestyle-recover-kicks/products/tribe-x-black-matte-ocm-769-02","https://cdn.shopify.com/s/files/1/0549/2926/0637/files/A_3.png?width=800","587790"
"Image","https://offlimits.co.in/collections/women-running-shoes/products/pulsara-for-her-off-white-pink-orw-889-02","https://cdn.shopify.com/s/files/1/0549/2926/0637/files/A_3.png?width=800","587790"
"Image","https://offlimits.co.in/collections/women-running-shoes/products/speedster-for-her-off-white-light-grey-orw-730-06","https://cdn.shopify.com/s/files/1/0549/2926/0637/files/A_3.png?width=800","587790"
"Image","https://offlimits.co.in/collections/men-shorts/products/mens-pol-cns-mesh-shorts-obm-77-01","https://cdn.shopify.com/s/files/1/0549/2926/0637/files/A_3.png?width=800","587790"
"Image","https://offlimits.co.in/collections/men-running-shoes/products/gladiator-off-white-orm-661-02","https://cdn.shopify.com/s/files/1/0549/2926/0637/files/A_3.png?width=800","587790"
"Image","https://offlimits.co.in/collections/men-running-shoes/products/gladiator-off-white-beige-orm-661-17","https://cdn.shopify.com/s/files/1/0549/2926/0637/files/A_3.png?width=800","587790"
"Image","https://offlimits.co.in/collections/mens-bestsellers/products/gladiator-off-white-orm-661-02","https://offlimits.co.in/cdn/shop/files/14_1_f780662b-3786-4e56-ac0f-ab28adfef02c.jpg?v=1772536168","1192639"
"Image","https://offlimits.co.in/collections/men-running-shoes/products/gladiator-off-white-orm-661-02","https://offlimits.co.in/cdn/shop/files/14_1_f780662b-3786-4e56-ac0f-ab28adfef02c.jpg?v=1772536168","1192639"
"Image","https://offlimits.co.in/collections/mens-bestsellers/products/gladiator-off-white-orm-661-02","https://offlimits.co.in/cdn/shop/files/ORM-66102_4.jpg?v=1772535918","187335"
"Image","https://offlimits.co.in/collections/men-running-shoes/products/gladiator-off-white-orm-661-02","https://offlimits.co.in/cdn/shop/files/ORM-66102_4.jpg?v=1772535918","187335"
"Image","https://offlimits.co.in/collections/mens-bestsellers/products/gladiator-off-white-orm-661-02","https://offlimits.co.in/cdn/shop/files/s2s_a3650d04-1563-4c46-b062-fdbfdc8697be.png?v=1775135200","972798"
"Image","https://offlimits.co.in/collections/mens-bestsellers/products/swat-orm-600-03","https://offlimits.co.in/cdn/shop/files/s2s_a3650d04-1563-4c46-b062-fdbfdc8697be.png?v=1775135200","972798"
"Image","https://offlimits.co.in/collections/men-lifestyle-recover-kicks/products/stussy-brown-orm-407-40","https://offlimits.co.in/cdn/shop/files/s2s_a3650d04-1563-4c46-b062-fdbfdc8697be.png?v=1775135200","972798"
"Image","https://offlimits.co.in/collections/men-running-shoes/products/gladiator-off-white-orm-661-02","https://offlimits.co.in/cdn/shop/files/s2s_a3650d04-1563-4c46-b062-fdbfdc8697be.png?v=1775135200","972798"
"Image","https://offlimits.co.in/collections/mens-bestsellers/products/gladiator-off-white-orm-661-02","https://offlimits.co.in/cdn/shop/files/ORM-66102_2.jpg?v=1721987884","103377"
"Image","https://offlimits.co.in/collections/men-running-shoes/products/gladiator-off-white-orm-661-02","https://offlimits.co.in/cdn/shop/files/ORM-66102_2.jpg?v=1721987884","103377"
"Image","https://offlimits.co.in/collections/mens-bestsellers/products/gladiator-off-white-orm-661-02","https://offlimits.co.in/cdn/shop/files/OLMenssizechart_af4bb732-6982-48cb-967e-8f2f4649cb5c.jpg?v=1774436088","143433"
"Image","https://offlimits.co.in/collections/men-running-shoes/products/gladiator-off-white-orm-661-02","https://offlimits.co.in/cdn/shop/files/OLMenssizechart_af4bb732-6982-48cb-967e-8f2f4649cb5c.jpg?v=1774436088","143433"
"Image","https://offlimits.co.in/collections/mens-bestsellers/products/gladiator-off-white-orm-661-02","https://offlimits.co.in/cdn/shop/files/ORM-66102_1.jpg?v=1721987884","373023"
"Image","https://offlimits.co.in/collections/men-running-shoes/products/gladiator-off-white-orm-661-02","https://offlimits.co.in/cdn/shop/files/ORM-66102_1.jpg?v=1721987884","373023"
"Image","https://offlimits.co.in/collections/mens-bestsellers/products/gladiator-off-white-orm-661-02","https://cdn.shopify.com/s/files/1/0549/2926/0637/files/A_1.png?width=800","270147"
"Image","https://offlimits.co.in/collections/mens-bestsellers/products/swat-orm-600-03","https://cdn.shopify.com/s/files/1/0549/2926/0637/files/A_1.png?width=800","270147"
"Image","https://offlimits.co.in/collections/new-arrivals-2026/products/griffith-big-tall-off-white-green-ocm-936-05","https://cdn.shopify.com/s/files/1/0549/2926/0637/files/A_1.png?width=800","270147"
"Image","https://offlimits.co.in/collections/mens-bestsellers/products/stussy-memory-tech-1-orm-407-08","https://cdn.shopify.com/s/files/1/0549/2926/0637/files/A_1.png?width=800","270147"
"Image","https://offlimits.co.in/collections/new-arrivals-2026/products/hoop-off-white-honey-orm-867-02","https://cdn.shopify.com/s/files/1/0549/2926/0637/files/A_1.png?width=800","270147"
"Image","https://offlimits.co.in/collections/new-arrivals-2026/products/roger-select-blue-ocm-915-12","https://cdn.shopify.com/s/files/1/0549/2926/0637/files/A_1.png?width=800","270147"
"Image","https://offlimits.co.in/collections/mens-running-gym-shoes/products/gladiator-light-grey-orm-661-06","https://cdn.shopify.com/s/files/1/0549/2926/0637/files/A_1.png?width=800","270147"
"Image","https://offlimits.co.in/collections/low-top-shoes-for-men/products/speed-cat-crazy-horse-tan-ocm-062-04","https://cdn.shopify.com/s/files/1/0549/2926/0637/files/A_1.png?width=800","270147"
"Image","https://offlimits.co.in/collections/men-lifestyle-recover-kicks/products/magnum-black-ocm-750-02","https://cdn.shopify.com/s/files/1/0549/2926/0637/files/A_1.png?width=800","270147"
"Image","https://offlimits.co.in/collections/men-lifestyle-recover-kicks/products/stussy-brown-orm-407-40","https://cdn.shopify.com/s/files/1/0549/2926/0637/files/A_1.png?width=800","270147"
"Image","https://offlimits.co.in/collections/men-lifestyle-recover-kicks/products/tribe-x-black-matte-ocm-769-02","https://cdn.shopify.com/s/files/1/0549/2926/0637/files/A_1.png?width=800","270147"
"Image","https://offlimits.co.in/collections/women-running-shoes/products/pulsara-for-her-off-white-pink-orw-889-02","https://cdn.shopify.com/s/files/1/0549/2926/0637/files/A_1.png?width=800","270147"
"Image","https://offlimits.co.in/collections/women-running-shoes/products/speedster-for-her-off-white-light-grey-orw-730-06","https://cdn.shopify.com/s/files/1/0549/2926/0637/files/A_1.png?width=800","270147"
"Image","https://offlimits.co.in/collections/men-shorts/products/mens-pol-cns-mesh-shorts-obm-77-01","https://cdn.shopify.com/s/files/1/0549/2926/0637/files/A_1.png?width=800","270147"
"Image","https://offlimits.co.in/collections/men-running-shoes/products/gladiator-off-white-orm-661-02","https://cdn.shopify.com/s/files/1/0549/2926/0637/files/A_1.png?width=800","270147"
"Image","https://offlimits.co.in/collections/men-running-shoes/products/gladiator-off-white-beige-orm-661-17","https://cdn.shopify.com/s/files/1/0549/2926/0637/files/A_1.png?width=800","270147"
"Image","https://offlimits.co.in/collections/mens-bestsellers/products/gladiator-off-white-orm-661-02","https://offlimits.co.in/cdn/shop/files/ORM-66102_8.jpg?v=1772535918","124262"
"Image","https://offlimits.co.in/collections/men-running-shoes/products/gladiator-off-white-orm-661-02","https://offlimits.co.in/cdn/shop/files/ORM-66102_8.jpg?v=1772535918","124262"
"Image","https://offlimits.co.in/collections/mens-bestsellers/products/swat-orm-600-03","https://offlimits.co.in/cdn/shop/files/OLMenssizechart_cadee3a8-c66d-4f3e-8185-d1508ebc2b04.jpg?v=1775641278","143433"
"Image","https://offlimits.co.in/collections/low-top-shoes-for-men/products/speed-cat-crazy-horse-tan-ocm-062-04","https://offlimits.co.in/cdn/shop/files/OLMenssizechart_cadee3a8-c66d-4f3e-8185-d1508ebc2b04.jpg?v=1775641278","143433"
"Image","https://offlimits.co.in/collections/men-lifestyle-recover-kicks/products/magnum-black-ocm-750-02","https://offlimits.co.in/cdn/shop/files/OLMenssizechart_cadee3a8-c66d-4f3e-8185-d1508ebc2b04.jpg?v=1775641278","143433"
"Image","https://offlimits.co.in/collections/women-running-shoes/products/speedster-for-her-off-white-light-grey-orw-730-06","https://offlimits.co.in/cdn/shop/files/OLMenssizechart_cadee3a8-c66d-4f3e-8185-d1508ebc2b04.jpg?v=1775641278","143433"
"Image","https://offlimits.co.in/collections/mens-bestsellers/products/gladiator-off-white-orm-661-02","https://offlimits.co.in/cdn/shop/files/ORM-66102_5.jpg?v=1772535918","205375"
"Image","https://offlimits.co.in/collections/men-running-shoes/products/gladiator-off-white-orm-661-02","https://offlimits.co.in/cdn/shop/files/ORM-66102_5.jpg?v=1772535918","205375"
"Image","https://offlimits.co.in/collections/mens-bestsellers/products/swat-orm-600-03","https://offlimits.co.in/cdn/shop/files/2_18_777fdb6f-90f3-4661-9cd6-4c8b952508c9.jpg?v=1785824630","307055"
"Image","https://offlimits.co.in/collections/mens-bestsellers/products/swat-orm-600-03","https://offlimits.co.in/cdn/shop/files/ORM-60003_4.jpg?v=1772020551","286452"
"Image","https://offlimits.co.in/collections/mens-bestsellers/products/swat-orm-600-03","https://offlimits.co.in/cdn/shop/files/ORM-60003_7.jpg?v=1772020551","129196"
"Image","https://offlimits.co.in/collections/mens-bestsellers/products/swat-orm-600-03","https://offlimits.co.in/cdn/shop/files/1_17_4f5c9cde-858e-4925-87d7-360d27c4e6f8.jpg?v=1785824631","168539"
"Image","https://offlimits.co.in/collections/mens-bestsellers/products/swat-orm-600-03","https://offlimits.co.in/cdn/shop/files/ORM-60003_3.jpg?v=1772020551","128551"
"Image","https://offlimits.co.in/collections/mens-bestsellers/products/swat-orm-600-03","https://offlimits.co.in/cdn/shop/files/ORM-60003_5.jpg?v=1772020551","257471"
"Image","https://offlimits.co.in/collections/mens-bestsellers/products/swat-orm-600-03","https://offlimits.co.in/cdn/shop/files/DSC_8240.jpg?v=1772020551","164779"
"Image","https://offlimits.co.in/collections/mens-bestsellers/products/swat-orm-600-03","https://offlimits.co.in/cdn/shop/files/ORM-60003_2.jpg?v=1709557359","160448"
"Image","https://offlimits.co.in/collections/mens-bestsellers/products/swat-orm-600-03","https://offlimits.co.in/cdn/shop/files/ORM-60003_6.jpg?v=1772020551","177647"
"Image","https://offlimits.co.in/collections/new-arrivals-2026/products/griffith-big-tall-off-white-green-ocm-936-05","https://offlimits.co.in/cdn/shop/files/s2s_2_df393801-8f94-4f77-b0ed-a73b4f018eab.png?v=1786446192","972798"
"Image","https://offlimits.co.in/collections/new-arrivals-2026/products/griffith-big-tall-off-white-green-ocm-936-05","https://offlimits.co.in/cdn/shop/files/OCM-93605_1_5.jpg?v=1786973272","274480"
"Image","https://offlimits.co.in/collections/new-arrivals-2026/products/griffith-big-tall-off-white-green-ocm-936-05","https://offlimits.co.in/cdn/shop/files/OCM-93605_1_3.jpg?v=1786973272","137857"
"Image","https://offlimits.co.in/collections/new-arrivals-2026/products/griffith-big-tall-off-white-green-ocm-936-05","https://offlimits.co.in/cdn/shop/files/OCM-93605_1_7.jpg?v=1786973272","157909"
"Image","https://offlimits.co.in/collections/new-arrivals-2026/products/griffith-big-tall-off-white-green-ocm-936-05","https://offlimits.co.in/cdn/shop/files/OCM-93605_1_8.jpg?v=1786973272","127271"
"Image","https://offlimits.co.in/collections/new-arrivals-2026/products/griffith-big-tall-off-white-green-ocm-936-05","https://offlimits.co.in/cdn/shop/files/B_T_Size_chart_ol_66ea606b-bce0-4a9d-ac23-df2d363eb123.jpg?v=1786446189","136837"
"Image","https://offlimits.co.in/collections/new-arrivals-2026/products/griffith-big-tall-off-white-green-ocm-936-05","https://offlimits.co.in/cdn/shop/files/OCM-93605_1_1.jpg?v=1786973272","125435"
"Image","https://offlimits.co.in/collections/new-arrivals-2026/products/griffith-big-tall-off-white-green-ocm-936-05","https://offlimits.co.in/cdn/shop/files/OCM-93605_1_9.jpg?v=1786973272","161617"
"Image","https://offlimits.co.in/collections/new-arrivals-2026/products/griffith-big-tall-off-white-green-ocm-936-05","https://offlimits.co.in/cdn/shop/files/OCM-93605_1_4.jpg?v=1786973272","105830"
"Image","https://offlimits.co.in/collections/new-arrivals-2026/products/griffith-big-tall-off-white-green-ocm-936-05","https://offlimits.co.in/cdn/shop/files/OCM-93605_1_2.jpg?v=1786973273","321300"
"Image","https://offlimits.co.in/collections/new-arrivals-2026/products/griffith-big-tall-off-white-green-ocm-936-05","https://offlimits.co.in/cdn/shop/files/OCM-93605_1_6.jpg?v=1786973272","240655"
"Image","https://offlimits.co.in/collections/new-arrivals-2026/products/griffith-big-tall-off-white-green-ocm-936-05","https://offlimits.co.in/cdn/shop/files/OCM-93605_1_10.jpg?v=1786973272","140125"
"Image","https://offlimits.co.in/collections/mens-bestsellers/products/stussy-memory-tech-1-orm-407-08","https://offlimits.co.in/cdn/shop/files/OLMenssizechart_bfc79b0b-d5b2-41bd-95ef-f161c7b32faa.jpg?v=1772023921","143433"
"Image","https://offlimits.co.in/collections/mens-bestsellers/products/stussy-memory-tech-1-orm-407-08","https://offlimits.co.in/cdn/shop/products/ORM-40708_1.jpg?v=1744981975","167995"
"Image","https://offlimits.co.in/collections/mens-bestsellers/products/stussy-memory-tech-1-orm-407-08","https://offlimits.co.in/cdn/shop/products/ORM-40708_8.jpg?v=1709018736","156372"
"Image","https://offlimits.co.in/collections/mens-bestsellers/products/stussy-memory-tech-1-orm-407-08","https://offlimits.co.in/cdn/shop/products/ORM-40708_5.jpg?v=1709018736","341818"
"Image","https://offlimits.co.in/collections/mens-bestsellers/products/stussy-memory-tech-1-orm-407-08","https://offlimits.co.in/cdn/shop/files/14_630fffaf-961c-4b09-a82a-ef8d63534dd2.jpg?v=1744981975","1192639"
"Image","https://offlimits.co.in/collections/mens-bestsellers/products/stussy-memory-tech-1-orm-407-08","https://offlimits.co.in/cdn/shop/products/ORM-40708_2.jpg?v=1744981975","558105"
"Image","https://offlimits.co.in/collections/mens-bestsellers/products/stussy-memory-tech-1-orm-407-08","https://offlimits.co.in/cdn/shop/files/ORM-40708_1_New.jpg?v=1703670195","447311"
"Image","https://offlimits.co.in/collections/mens-bestsellers/products/stussy-memory-tech-1-orm-407-08","https://offlimits.co.in/cdn/shop/products/ORM-40708_4.jpg?v=1709018736","133166"
"Image","https://offlimits.co.in/collections/mens-bestsellers/products/stussy-memory-tech-1-orm-407-08","https://offlimits.co.in/cdn/shop/products/ORM-40708_6.jpg?v=1709018736","302156"
"Image","https://offlimits.co.in/collections/mens-bestsellers/products/stussy-memory-tech-1-orm-407-08","https://offlimits.co.in/cdn/shop/files/s2s_1.png?v=1774680297","972798"
"Image","https://offlimits.co.in/collections/new-arrivals-2026/products/hoop-off-white-honey-orm-867-02","https://offlimits.co.in/cdn/shop/files/ORM-86702_2.jpg?v=1786445409","167278"
"Image","https://offlimits.co.in/collections/new-arrivals-2026/products/hoop-off-white-honey-orm-867-02","https://offlimits.co.in/cdn/shop/files/OL_Mens_size_chart_d7680c9d-3eb5-4dd8-aa9c-806ce55a049a.jpg?v=1786445435","143284"
"Image","https://offlimits.co.in/collections/new-arrivals-2026/products/roger-select-blue-ocm-915-12","https://offlimits.co.in/cdn/shop/files/OL_Mens_size_chart_d7680c9d-3eb5-4dd8-aa9c-806ce55a049a.jpg?v=1786445435","143284"
"Image","https://offlimits.co.in/collections/new-arrivals-2026/products/hoop-off-white-honey-orm-867-02","https://offlimits.co.in/cdn/shop/files/ORM-86702_1.jpg?v=1786445409","483100"
"Image","https://offlimits.co.in/collections/mens-bestsellers/products/stussy-memory-tech-1-orm-407-08","https://offlimits.co.in/cdn/shop/products/ORM-40708_7.jpg?v=1709018736","185476"
"Image","https://offlimits.co.in/collections/new-arrivals-2026/products/hoop-off-white-honey-orm-867-02","https://offlimits.co.in/cdn/shop/files/ORM-86702_3.jpg?v=1786445409","136493"
"Image","https://offlimits.co.in/collections/new-arrivals-2026/products/hoop-off-white-honey-orm-867-02","https://offlimits.co.in/cdn/shop/files/ORM-86702_8.jpg?v=1786445409","177064"
"Image","https://offlimits.co.in/collections/new-arrivals-2026/products/hoop-off-white-honey-orm-867-02","https://offlimits.co.in/cdn/shop/files/ORM-86702_4.jpg?v=1786445409","305175"
"Image","https://offlimits.co.in/collections/new-arrivals-2026/products/hoop-off-white-honey-orm-867-02","https://offlimits.co.in/cdn/shop/files/ORM-86702_6.jpg?v=1786445409","169730"
"Image","https://offlimits.co.in/collections/new-arrivals-2026/products/hoop-off-white-honey-orm-867-02","https://offlimits.co.in/cdn/shop/files/ORM-86702_7.jpg?v=1786445408","147751"
"Image","https://offlimits.co.in/collections/new-arrivals-2026/products/hoop-off-white-honey-orm-867-02","https://offlimits.co.in/cdn/shop/files/ORM-86702_5.jpg?v=1786445409","343931"
"Image","https://offlimits.co.in/collections/new-arrivals-2026/products/hoop-off-white-honey-orm-867-02","https://offlimits.co.in/cdn/shop/files/s2s_2_85895ab1-cf71-4853-9a43-18585e6dc574.png?v=1786445436","972798"
"Image","https://offlimits.co.in/collections/new-arrivals-2026/products/roger-select-blue-ocm-915-12","https://offlimits.co.in/cdn/shop/files/s2s_2_85895ab1-cf71-4853-9a43-18585e6dc574.png?v=1786445436","972798"
"Image","https://offlimits.co.in/collections/new-arrivals-2026/products/roger-select-blue-ocm-915-12","https://offlimits.co.in/cdn/shop/files/DSC_9001_a62d670b-0e32-45a9-8e35-098a55572636.jpg?v=1786965890","253165"
"Image","https://offlimits.co.in/collections/new-arrivals-2026/products/roger-select-blue-ocm-915-12","https://offlimits.co.in/cdn/shop/files/DSC_8998_3.jpg?v=1786965890","589263"
"Image","https://offlimits.co.in/collections/new-arrivals-2026/products/roger-select-blue-ocm-915-12","https://offlimits.co.in/cdn/shop/files/DSC_9007_fa8a346c-dd27-4f0b-a470-1bdd80f0d421.jpg?v=1786965890","336314"
"Image","https://offlimits.co.in/collections/new-arrivals-2026/products/roger-select-blue-ocm-915-12","https://offlimits.co.in/cdn/shop/files/DSC_9006_98393d3e-4bb7-46cf-aaab-b06520d18040.jpg?v=1786965890","267073"
"Image","https://offlimits.co.in/collections/new-arrivals-2026/products/roger-select-blue-ocm-915-12","https://offlimits.co.in/cdn/shop/files/DSC_9003_6720fec7-494e-4386-aee6-926ada3f2a40.jpg?v=1786965890","297911"
"Image","https://offlimits.co.in/collections/new-arrivals-2026/products/roger-select-blue-ocm-915-12","https://offlimits.co.in/cdn/shop/files/DSC_9000_2cc8b25d-7a83-4e58-9e50-0da9e26b0589.jpg?v=1786965890","319726"
"Image","https://offlimits.co.in/collections/new-arrivals-2026/products/roger-select-blue-ocm-915-12","https://offlimits.co.in/cdn/shop/files/DSC_9000_2.jpg?v=1786965891","750282"
"Image","https://offlimits.co.in/collections/new-arrivals-2026/products/roger-select-blue-ocm-915-12","https://offlimits.co.in/cdn/shop/files/DSC_8998_dea74428-429a-467e-8d7f-736c81347ac2.jpg?v=1786965890","287114"
"Image","https://offlimits.co.in/pages/technology","https://cdn.shopify.com/s/files/1/0549/2926/0637/files/tech-img3.jpg?v=1636972479","155286"
"Image","https://offlimits.co.in/pages/technology","https://cdn.shopify.com/s/files/1/0549/2926/0637/files/OL_POSTER_1.jpg?v=1762583495","286511"
"Image","https://offlimits.co.in/pages/technology","https://cdn.shopify.com/s/files/1/0549/2926/0637/files/tech-img1.jpg?v=1636967896","130554"
"Image","https://offlimits.co.in/collections/men-shorts/products/mens-pol-cns-mesh-shorts-obm-77-01","https://offlimits.co.in/cdn/shop/products/8905185197441_6.jpg?v=1673515723","106128"
"Image","https://offlimits.co.in/collections/mens-running-gym-shoes/products/gladiator-light-grey-orm-661-06","https://offlimits.co.in/cdn/shop/files/DSC_1620.jpg?v=1767084319","214221"
"Image","https://offlimits.co.in/collections/mens-running-gym-shoes/products/gladiator-light-grey-orm-661-06","https://offlimits.co.in/cdn/shop/files/DSC_1625.jpg?v=1767084319","364568"
"Image","https://offlimits.co.in/collections/mens-running-gym-shoes/products/gladiator-light-grey-orm-661-06","https://offlimits.co.in/cdn/shop/files/s2s_2_4cc7ee87-3e76-4e43-ab51-ac2c64135336.png?v=1774435992","972798"
"Image","https://offlimits.co.in/collections/men-running-shoes/products/gladiator-off-white-beige-orm-661-17","https://offlimits.co.in/cdn/shop/files/OL_Mens_size_chart_5c632aae-fcdc-4757-968d-865911e7f5c9.jpg?v=1780574214","143284"
"Image","https://offlimits.co.in/collections/men-running-shoes/products/gladiator-off-white-beige-orm-661-17","https://offlimits.co.in/cdn/shop/files/s2s_2_e2c7b87f-cdca-4cd3-8da0-f859f313acb4.png?v=1780574214","972798"
"Image","https://offlimits.co.in/collections/men-running-shoes/products/gladiator-off-white-beige-orm-661-17","https://offlimits.co.in/cdn/shop/files/UntitledSession3142_c56435be-8171-4491-85dd-bb10dc11e3e6.jpg?v=1780573998","156801"
"Image","https://offlimits.co.in/collections/men-running-shoes/products/gladiator-off-white-beige-orm-661-17","https://offlimits.co.in/cdn/shop/files/7copy_e6ccdea8-79d3-40a2-8cb9-ae218cadae85.jpg?v=1780573998","228690"
"Image","https://offlimits.co.in/collections/men-running-shoes/products/gladiator-off-white-beige-orm-661-17","https://offlimits.co.in/cdn/shop/files/7.1_b78994e9-9ce8-4e48-9e31-e94d6f6c2393.jpg?v=1780573998","186726"
"Image","https://offlimits.co.in/collections/mens-running-gym-shoes/products/gladiator-light-grey-orm-661-06","https://offlimits.co.in/cdn/shop/files/OCM-769_05_5.jpg?v=1774435992","143433"
"Image","https://offlimits.co.in/collections/mens-running-gym-shoes/products/gladiator-light-grey-orm-661-06","https://offlimits.co.in/cdn/shop/files/1_76.jpg?v=1784029526","202022"
"Image","https://offlimits.co.in/collections/mens-running-gym-shoes/products/gladiator-light-grey-orm-661-06","https://offlimits.co.in/cdn/shop/files/DSC_1621.jpg?v=1767084319","160745"
"Image","https://offlimits.co.in/collections/mens-running-gym-shoes/products/gladiator-light-grey-orm-661-06","https://offlimits.co.in/cdn/shop/files/DSC_1619_2.jpg?v=1767084319","399649"
"Image","https://offlimits.co.in/collections/mens-running-gym-shoes/products/gladiator-light-grey-orm-661-06","https://offlimits.co.in/cdn/shop/files/DSC_1623.jpg?v=1767084319","167849"
"Image","https://offlimits.co.in/collections/mens-running-gym-shoes/products/gladiator-light-grey-orm-661-06","https://offlimits.co.in/cdn/shop/files/2_76.jpg?v=1784029524","233013"
"Image","https://offlimits.co.in/collections/mens-running-gym-shoes/products/gladiator-light-grey-orm-661-06","https://offlimits.co.in/cdn/shop/files/DSC_1619_0e677f02-1b88-4264-85bf-0be88ecffc8a.jpg?v=1767084319","193893"
"Image","https://offlimits.co.in/collections/mens-running-gym-shoes/products/gladiator-light-grey-orm-661-06","https://offlimits.co.in/cdn/shop/files/DSC_1624_899576e0-7301-4a53-9418-34d2c3a75e3d.jpg?v=1767084319","197953"
"Image","https://offlimits.co.in/collections/low-top-shoes-for-men/products/speed-cat-crazy-horse-tan-ocm-062-04","https://offlimits.co.in/cdn/shop/files/s2s_2_7ca9df06-6f3c-4083-a66f-79a96e939777.png?v=1775308822","972798"
"Image","https://offlimits.co.in/collections/low-top-shoes-for-men/products/speed-cat-crazy-horse-tan-ocm-062-04","https://offlimits.co.in/cdn/shop/files/OCM-06204_2.jpg?v=1744117896","163776"
"Image","https://offlimits.co.in/collections/low-top-shoes-for-men/products/speed-cat-crazy-horse-tan-ocm-062-04","https://offlimits.co.in/cdn/shop/files/OCM-06204_9.jpg?v=1721472152","203183"
"Image","https://offlimits.co.in/collections/low-top-shoes-for-men/products/speed-cat-crazy-horse-tan-ocm-062-04","https://offlimits.co.in/cdn/shop/files/2_37.jpg?v=1783768689","303648"
"Image","https://offlimits.co.in/collections/low-top-shoes-for-men/products/speed-cat-crazy-horse-tan-ocm-062-04","https://offlimits.co.in/cdn/shop/files/OCM-06204_6.jpg?v=1721472152","278392"
"Image","https://offlimits.co.in/collections/low-top-shoes-for-men/products/speed-cat-crazy-horse-tan-ocm-062-04","https://offlimits.co.in/cdn/shop/files/OCM-06204_4.jpg?v=1755866258","129237"
"Image","https://offlimits.co.in/collections/low-top-shoes-for-men/products/speed-cat-crazy-horse-tan-ocm-062-04","https://offlimits.co.in/cdn/shop/files/OCM-06204_8.jpg?v=1721472152","144032"
"Image","https://offlimits.co.in/collections/low-top-shoes-for-men/products/speed-cat-crazy-horse-tan-ocm-062-04","https://offlimits.co.in/cdn/shop/files/OCM-06204_7.jpg?v=1721472152","187297"
"Image","https://offlimits.co.in/collections/low-top-shoes-for-men/products/speed-cat-crazy-horse-tan-ocm-062-04","https://offlimits.co.in/cdn/shop/files/1_37.jpg?v=1783768692","256526"
"Image","https://offlimits.co.in/collections/low-top-shoes-for-men/products/speed-cat-crazy-horse-tan-ocm-062-04","https://offlimits.co.in/cdn/shop/files/OCM-06204_5.jpg?v=1755866258","354558"
"Image","https://offlimits.co.in/collections/men-lifestyle-recover-kicks/products/magnum-black-ocm-750-02","https://offlimits.co.in/cdn/shop/files/1_6_769988c0-05c2-46c8-9b6f-e5c87e9934fa.jpg?v=1785822886","193079"
"Image","https://offlimits.co.in/collections/men-lifestyle-recover-kicks/products/magnum-black-ocm-750-02","https://offlimits.co.in/cdn/shop/files/s2s_2_8d62e285-6172-445b-887b-d6a2abe1206e.png?v=1775641033","972798"
"Image","https://offlimits.co.in/collections/men-lifestyle-recover-kicks/products/magnum-black-ocm-750-02","https://offlimits.co.in/cdn/shop/files/OCM-75002_2.jpg?v=1742980286","153417"
"Image","https://offlimits.co.in/collections/men-lifestyle-recover-kicks/products/magnum-black-ocm-750-02","https://offlimits.co.in/cdn/shop/files/OCM-75002_8.jpg?v=1742633521","120814"
"Image","https://offlimits.co.in/collections/men-lifestyle-recover-kicks/products/magnum-black-ocm-750-02","https://offlimits.co.in/cdn/shop/files/OCM-75002_4.jpg?v=1742633521","129602"
"Image","https://offlimits.co.in/collections/men-lifestyle-recover-kicks/products/magnum-black-ocm-750-02","https://offlimits.co.in/cdn/shop/files/preview_images/515151d666454064b0edebedc3b964b4.thumbnail.0000000000_1024x1024.jpg?v=1778134779","103733"
"Image","https://offlimits.co.in/collections/men-lifestyle-recover-kicks/products/magnum-black-ocm-750-02","https://offlimits.co.in/cdn/shop/files/OCM-75002_6.jpg?v=1742633521","205700"
"Image","https://offlimits.co.in/collections/men-lifestyle-recover-kicks/products/magnum-black-ocm-750-02","https://offlimits.co.in/cdn/shop/files/2_6_f2fcafac-3ca7-4033-8cc3-176f56bf4ec1.jpg?v=1785822883","404395"
"Image","https://offlimits.co.in/collections/men-lifestyle-recover-kicks/products/magnum-black-ocm-750-02","https://offlimits.co.in/cdn/shop/files/OCM-75002_9.jpg?v=1742633521","132855"
"Image","https://offlimits.co.in/collections/men-lifestyle-recover-kicks/products/magnum-black-ocm-750-02","https://offlimits.co.in/cdn/shop/files/OCM-75002_7.jpg?v=1742633521","150141"
"Image","https://offlimits.co.in/collections/men-lifestyle-recover-kicks/products/magnum-black-ocm-750-02","https://offlimits.co.in/cdn/shop/files/OCM-75002_5.jpg?v=1742633521","402269"
"Image","https://offlimits.co.in/collections/men-lifestyle-recover-kicks/products/stussy-brown-orm-407-40","https://offlimits.co.in/cdn/shop/files/ORM-40740_3.jpg?v=1772022594","116275"
"Image","https://offlimits.co.in/collections/men-lifestyle-recover-kicks/products/stussy-brown-orm-407-40","https://offlimits.co.in/cdn/shop/files/ORM-40740_8.jpg?v=1772022594","158743"
"Image","https://offlimits.co.in/collections/men-lifestyle-recover-kicks/products/stussy-brown-orm-407-40","https://offlimits.co.in/cdn/shop/files/1_70.jpg?v=1784028694","258292"
"Image","https://offlimits.co.in/collections/men-lifestyle-recover-kicks/products/stussy-brown-orm-407-40","https://offlimits.co.in/cdn/shop/files/ORM-40740_5.jpg?v=1772022594","221815"
"Image","https://offlimits.co.in/collections/men-lifestyle-recover-kicks/products/stussy-brown-orm-407-40","https://offlimits.co.in/cdn/shop/files/ORM-40740_2.jpg?v=1715688545","142097"
"Image","https://offlimits.co.in/collections/men-lifestyle-recover-kicks/products/stussy-brown-orm-407-40","https://offlimits.co.in/cdn/shop/files/OLMenssizechart_8d31cce2-8213-4181-909c-29bc2782ec40.jpg?v=1775134376","143433"
"Image","https://offlimits.co.in/collections/men-lifestyle-recover-kicks/products/stussy-brown-orm-407-40","https://offlimits.co.in/cdn/shop/files/2_70.jpg?v=1784028692","307207"
"Image","https://offlimits.co.in/collections/men-lifestyle-recover-kicks/products/stussy-brown-orm-407-40","https://offlimits.co.in/cdn/shop/files/ORM-40740_4.jpg?v=1772022594","300953"
"Image","https://offlimits.co.in/collections/men-lifestyle-recover-kicks/products/stussy-brown-orm-407-40","https://offlimits.co.in/cdn/shop/files/ORM-40740_6.jpg?v=1772022594","145764"
"Image","https://offlimits.co.in/collections/men-lifestyle-recover-kicks/products/tribe-x-black-matte-ocm-769-02","https://offlimits.co.in/cdn/shop/files/OCM-76902_2.jpg?v=1775814991","115144"
"Image","https://offlimits.co.in/collections/men-lifestyle-recover-kicks/products/stussy-brown-orm-407-40","https://offlimits.co.in/cdn/shop/files/ORM-40740_7.jpg?v=1772022594","119338"
"Image","https://offlimits.co.in/collections/men-lifestyle-recover-kicks/products/tribe-x-black-matte-ocm-769-02","https://offlimits.co.in/cdn/shop/files/OCM-76902_3.jpg?v=1775815257","143433"
"Image","https://offlimits.co.in/collections/men-lifestyle-recover-kicks/products/tribe-x-black-matte-ocm-769-02","https://offlimits.co.in/cdn/shop/files/OCM-76902_5.jpg?v=1775815257","276644"
"Image","https://offlimits.co.in/collections/men-lifestyle-recover-kicks/products/tribe-x-black-matte-ocm-769-02","https://offlimits.co.in/cdn/shop/files/OCM-76902_6.jpg?v=1775815257","229351"
"Image","https://offlimits.co.in/collections/men-lifestyle-recover-kicks/products/tribe-x-black-matte-ocm-769-02","https://offlimits.co.in/cdn/shop/files/OCM-76902_1.jpg?v=1775814991","336362"
"Image","https://offlimits.co.in/collections/men-lifestyle-recover-kicks/products/tribe-x-black-matte-ocm-769-02","https://offlimits.co.in/cdn/shop/files/OCM-76902_7.jpg?v=1775815257","139212"
"Image","https://offlimits.co.in/collections/men-lifestyle-recover-kicks/products/tribe-x-black-matte-ocm-769-02","https://offlimits.co.in/cdn/shop/files/s2s_2_d4afde4d-7531-4746-9165-1707cf96f6f3.png?v=1775645131","972798"
"Image","https://offlimits.co.in/collections/men-lifestyle-recover-kicks/products/tribe-x-black-matte-ocm-769-02","https://offlimits.co.in/cdn/shop/files/OCM-76902_9.jpg?v=1775815257","151214"
"Image","https://offlimits.co.in/collections/women-running-shoes/products/pulsara-for-her-off-white-pink-orw-889-02","https://offlimits.co.in/cdn/shop/files/OL_Womens_size_chart_aa8df3c2-ab26-4621-8c3a-645557a7e25d.jpg?v=1776424936","132170"
"Image","https://offlimits.co.in/collections/women-running-shoes/products/pulsara-for-her-off-white-pink-orw-889-02","https://offlimits.co.in/cdn/shop/files/ORW-88902_3.jpg?v=1776424955","134066"
"Image","https://offlimits.co.in/collections/women-running-shoes/products/pulsara-for-her-off-white-pink-orw-889-02","https://offlimits.co.in/cdn/shop/files/ORW-88902_5.jpg?v=1776424645","300449"
"Image","https://offlimits.co.in/collections/women-running-shoes/products/pulsara-for-her-off-white-pink-orw-889-02","https://offlimits.co.in/cdn/shop/files/ORW-88902_7.jpg?v=1776424645","180008"
"Image","https://offlimits.co.in/collections/women-running-shoes/products/pulsara-for-her-off-white-pink-orw-889-02","https://offlimits.co.in/cdn/shop/files/ORW-88902_2.jpg?v=1776424955","164143"
"Image","https://offlimits.co.in/collections/women-running-shoes/products/pulsara-for-her-off-white-pink-orw-889-02","https://offlimits.co.in/cdn/shop/files/MODEL_11.jpg?v=1776424955","219274"
"Image","https://offlimits.co.in/collections/women-running-shoes/products/pulsara-for-her-off-white-pink-orw-889-02","https://offlimits.co.in/cdn/shop/files/New_208f38ec-b097-471e-9fc2-24949273c4ea.jpg?v=1776424955","199549"
"Image","https://offlimits.co.in/collections/women-running-shoes/products/pulsara-for-her-off-white-pink-orw-889-02","https://offlimits.co.in/cdn/shop/files/s2s_2_459f508b-a2e7-4e06-8396-8ccd496f3d0d.png?v=1776424937","972798"
"Image","https://offlimits.co.in/collections/women-running-shoes/products/pulsara-for-her-off-white-pink-orw-889-02","https://offlimits.co.in/cdn/shop/files/ORW-88902_4.jpg?v=1776424645","309509"
"Image","https://offlimits.co.in/collections/women-running-shoes/products/pulsara-for-her-off-white-pink-orw-889-02","https://offlimits.co.in/cdn/shop/files/ORW-88902_6.jpg?v=1776424645","191963"
"Image","https://offlimits.co.in/collections/women-running-shoes/products/pulsara-for-her-off-white-pink-orw-889-02","https://offlimits.co.in/cdn/shop/files/ORW-88902_8.jpg?v=1776424645","208361"
"Image","https://offlimits.co.in/collections/women-running-shoes/products/speedster-for-her-off-white-light-grey-orw-730-06","https://offlimits.co.in/cdn/shop/files/ORW-73006_4.jpg?v=1744181011","261331"
"Image","https://offlimits.co.in/collections/women-running-shoes/products/speedster-for-her-off-white-light-grey-orw-730-06","https://offlimits.co.in/cdn/shop/files/ORW-73006_5.jpg?v=1744181010","197707"
"Image","https://offlimits.co.in/collections/women-running-shoes/products/speedster-for-her-off-white-light-grey-orw-730-06","https://offlimits.co.in/cdn/shop/files/ORW-78904_11.png?v=1775641278","976180"
"Image","https://offlimits.co.in/collections/women-running-shoes/products/speedster-for-her-off-white-light-grey-orw-730-06","https://offlimits.co.in/cdn/shop/files/ORW-73006_8.jpg?v=1744181010","119943"
"Image","https://offlimits.co.in/collections/women-running-shoes/products/speedster-for-her-off-white-light-grey-orw-730-06","https://offlimits.co.in/cdn/shop/files/ORW-73006_7.jpg?v=1744181011","142921"
"Image","https://offlimits.co.in/collections/women-running-shoes/products/speedster-for-her-off-white-light-grey-orw-730-06","https://offlimits.co.in/cdn/shop/files/ORW-73006_6.jpg?v=1744181010","112146"
"Image","https://offlimits.co.in/collections/women-running-shoes/products/speedster-for-her-off-white-light-grey-orw-730-06","https://offlimits.co.in/cdn/shop/files/ORW-73006_3.jpg?v=1744181010","110811"
"Image","https://offlimits.co.in/collections/women-running-shoes/products/speedster-for-her-off-white-light-grey-orw-730-06","https://offlimits.co.in/cdn/shop/files/ORW-73006_2.jpg?v=1744181010","133753"
"Image","https://offlimits.co.in/collections/women-running-shoes/products/speedster-for-her-off-white-light-grey-orw-730-06","https://offlimits.co.in/cdn/shop/files/ORW-73006_1.jpg?v=1744181010","377891"
"Image","https://offlimits.co.in/collections/men-shorts/products/mens-pol-cns-mesh-shorts-obm-77-01","https://offlimits.co.in/cdn/shop/products/8905185197441_5.jpg?v=1673515722","113152"
"Image","https://offlimits.co.in/collections/men-shorts/products/mens-pol-cns-mesh-shorts-obm-77-01","https://offlimits.co.in/cdn/shop/files/APP_-_MENS_SIZE_CHART_2a59056e-232c-451a-9a37-c036ea2f6705.jpg?v=1758893379","135126"
