"Chain Type","Number of Redirects","Loop","Source","Temp Redirect in Chain","Address","Final Address","Final Indexability","Final Indexability Status","Final Content","Final Status Code","Final Status","Alt Text","Anchor Text","Link Path","Link Position","Content 1","Status Code 1","Status 1","Redirect Type 1","Redirect URL 1","Content 2","Status Code 2","Status 2","Redirect Type 2","Redirect URL 2","Content 3","Status Code 3","Status 3","Redirect Type 3","Redirect URL 3","Content 4","Status Code 4","Status 4","Redirect Type 4","Redirect URL 4","Content 5","Status Code 5","Status 5","Redirect Type 5","Redirect URL 5","Content 6","Status Code 6","Status 6","Redirect Type 6","Redirect URL 6","Content 7","Status Code 7","Status 7","Redirect Type 7","Redirect URL 7","Content 8","Status Code 8","Status 8","Redirect Type 8","Redirect URL 8","Content 9","Status Code 9","Status 9","Redirect Type 9","Redirect URL 9","Content 10","Status Code 10","Status 10","Redirect Type 10","Redirect URL 10"
"HTTP Redirect","1","false","https://offlimits.co.in/","true","https://unpkg.com/swiper/swiper-bundle.min.js","https://unpkg.com/swiper@14.1.0/swiper-bundle.min.js","Unknown","Not crawled","","","","","","//body/script[9]","Content","text/plain;charset=UTF-8","302","Found","HTTP Redirect","https://unpkg.com/swiper@14.1.0/swiper-bundle.min.js"
"HTTP Redirect","1","false","https://offlimits.co.in/collections/mens-bestsellers/products/gladiator-off-white-orm-661-02","true","https://unpkg.com/swiper/swiper-bundle.min.js","https://unpkg.com/swiper@14.1.0/swiper-bundle.min.js","Unknown","Not crawled","","","","","","//body/script[9]","Content","text/plain;charset=UTF-8","302","Found","HTTP Redirect","https://unpkg.com/swiper@14.1.0/swiper-bundle.min.js"
"HTTP Redirect","1","false","https://offlimits.co.in/collections/mens-bestsellers/products/swat-orm-600-03","true","https://unpkg.com/swiper/swiper-bundle.min.js","https://unpkg.com/swiper@14.1.0/swiper-bundle.min.js","Unknown","Not crawled","","","","","","//body/script[9]","Content","text/plain;charset=UTF-8","302","Found","HTTP Redirect","https://unpkg.com/swiper@14.1.0/swiper-bundle.min.js"
"HTTP Redirect","1","false","https://offlimits.co.in/collections/new-arrivals-2026/products/griffith-big-tall-off-white-green-ocm-936-05","true","https://unpkg.com/swiper/swiper-bundle.min.js","https://unpkg.com/swiper@14.1.0/swiper-bundle.min.js","Unknown","Not crawled","","","","","","//body/script[9]","Content","text/plain;charset=UTF-8","302","Found","HTTP Redirect","https://unpkg.com/swiper@14.1.0/swiper-bundle.min.js"
"HTTP Redirect","1","false","https://offlimits.co.in/collections/men-clothing","true","https://unpkg.com/swiper/swiper-bundle.min.js","https://unpkg.com/swiper@14.1.0/swiper-bundle.min.js","Unknown","Not crawled","","","","","","//body/script[9]","Content","text/plain;charset=UTF-8","302","Found","HTTP Redirect","https://unpkg.com/swiper@14.1.0/swiper-bundle.min.js"
"HTTP Redirect","1","false","https://offlimits.co.in/collections/women-track-suits","true","https://unpkg.com/swiper/swiper-bundle.min.js","https://unpkg.com/swiper@14.1.0/swiper-bundle.min.js","Unknown","Not crawled","","","","","","//body/script[9]","Content","text/plain;charset=UTF-8","302","Found","HTTP Redirect","https://unpkg.com/swiper@14.1.0/swiper-bundle.min.js"
"HTTP Redirect","1","false","https://offlimits.co.in/collections/white-sneaker","true","https://unpkg.com/swiper/swiper-bundle.min.js","https://unpkg.com/swiper@14.1.0/swiper-bundle.min.js","Unknown","Not crawled","","","","","","//body/script[9]","Content","text/plain;charset=UTF-8","302","Found","HTTP Redirect","https://unpkg.com/swiper@14.1.0/swiper-bundle.min.js"
"HTTP Redirect","1","false","https://offlimits.co.in/collections/new-arrivals","true","https://unpkg.com/swiper/swiper-bundle.min.js","https://unpkg.com/swiper@14.1.0/swiper-bundle.min.js","Unknown","Not crawled","","","","","","//body/script[9]","Content","text/plain;charset=UTF-8","302","Found","HTTP Redirect","https://unpkg.com/swiper@14.1.0/swiper-bundle.min.js"
"HTTP Redirect","1","false","https://offlimits.co.in/collections/men-walking","true","https://unpkg.com/swiper/swiper-bundle.min.js","https://unpkg.com/swiper@14.1.0/swiper-bundle.min.js","Unknown","Not crawled","","","","","","//body/script[9]","Content","text/plain;charset=UTF-8","302","Found","HTTP Redirect","https://unpkg.com/swiper@14.1.0/swiper-bundle.min.js"
"HTTP Redirect","1","false","https://offlimits.co.in/pages/shipping-policy","true","https://unpkg.com/swiper/swiper-bundle.min.js","https://unpkg.com/swiper@14.1.0/swiper-bundle.min.js","Unknown","Not crawled","","","","","","//body/script[9]","Content","text/plain;charset=UTF-8","302","Found","HTTP Redirect","https://unpkg.com/swiper@14.1.0/swiper-bundle.min.js"
"HTTP Redirect","1","false","https://offlimits.co.in/pages/about-us","true","https://unpkg.com/swiper/swiper-bundle.min.js","https://unpkg.com/swiper@14.1.0/swiper-bundle.min.js","Unknown","Not crawled","","","","","","//body/script[9]","Content","text/plain;charset=UTF-8","302","Found","HTTP Redirect","https://unpkg.com/swiper@14.1.0/swiper-bundle.min.js"
"HTTP Redirect","1","false","https://offlimits.co.in/collections/women-hoodies-jackets","true","https://unpkg.com/swiper/swiper-bundle.min.js","https://unpkg.com/swiper@14.1.0/swiper-bundle.min.js","Unknown","Not crawled","","","","","","//body/script[9]","Content","text/plain;charset=UTF-8","302","Found","HTTP Redirect","https://unpkg.com/swiper@14.1.0/swiper-bundle.min.js"
"HTTP Redirect","1","false","https://offlimits.co.in/collections/women-lifestyle","true","https://unpkg.com/swiper/swiper-bundle.min.js","https://unpkg.com/swiper@14.1.0/swiper-bundle.min.js","Unknown","Not crawled","","","","","","//body/script[9]","Content","text/plain;charset=UTF-8","302","Found","HTTP Redirect","https://unpkg.com/swiper@14.1.0/swiper-bundle.min.js"
"HTTP Redirect","1","false","https://offlimits.co.in/collections/mens-bestsellers/products/stussy-memory-tech-1-orm-407-08","true","https://unpkg.com/swiper/swiper-bundle.min.js","https://unpkg.com/swiper@14.1.0/swiper-bundle.min.js","Unknown","Not crawled","","","","","","//body/script[9]","Content","text/plain;charset=UTF-8","302","Found","HTTP Redirect","https://unpkg.com/swiper@14.1.0/swiper-bundle.min.js"
"HTTP Redirect","1","false","https://offlimits.co.in/collections/new-arrivals-2026/products/hoop-off-white-honey-orm-867-02","true","https://unpkg.com/swiper/swiper-bundle.min.js","https://unpkg.com/swiper@14.1.0/swiper-bundle.min.js","Unknown","Not crawled","","","","","","//body/script[9]","Content","text/plain;charset=UTF-8","302","Found","HTTP Redirect","https://unpkg.com/swiper@14.1.0/swiper-bundle.min.js"
"HTTP Redirect","1","false","https://offlimits.co.in/collections/new-arrivals-2026/products/roger-select-blue-ocm-915-12","true","https://unpkg.com/swiper/swiper-bundle.min.js","https://unpkg.com/swiper@14.1.0/swiper-bundle.min.js","Unknown","Not crawled","","","","","","//body/script[9]","Content","text/plain;charset=UTF-8","302","Found","HTTP Redirect","https://unpkg.com/swiper@14.1.0/swiper-bundle.min.js"
"HTTP Redirect","1","false","https://offlimits.co.in/collections/limited-edition","true","https://unpkg.com/swiper/swiper-bundle.min.js","https://unpkg.com/swiper@14.1.0/swiper-bundle.min.js","Unknown","Not crawled","","","","","","//body/script[9]","Content","text/plain;charset=UTF-8","302","Found","HTTP Redirect","https://unpkg.com/swiper@14.1.0/swiper-bundle.min.js"
"HTTP Redirect","1","false","https://offlimits.co.in/collections/women-shoes","true","https://unpkg.com/swiper/swiper-bundle.min.js","https://unpkg.com/swiper@14.1.0/swiper-bundle.min.js","Unknown","Not crawled","","","","","","//body/script[9]","Content","text/plain;charset=UTF-8","302","Found","HTTP Redirect","https://unpkg.com/swiper@14.1.0/swiper-bundle.min.js"
"HTTP Redirect","1","false","https://offlimits.co.in/collections/mens-running-gym-shoes","true","https://unpkg.com/swiper/swiper-bundle.min.js","https://unpkg.com/swiper@14.1.0/swiper-bundle.min.js","Unknown","Not crawled","","","","","","//body/script[9]","Content","text/plain;charset=UTF-8","302","Found","HTTP Redirect","https://unpkg.com/swiper@14.1.0/swiper-bundle.min.js"
"HTTP Redirect","1","false","https://offlimits.co.in/collections/low-top-shoes-for-men","true","https://unpkg.com/swiper/swiper-bundle.min.js","https://unpkg.com/swiper@14.1.0/swiper-bundle.min.js","Unknown","Not crawled","","","","","","//body/script[9]","Content","text/plain;charset=UTF-8","302","Found","HTTP Redirect","https://unpkg.com/swiper@14.1.0/swiper-bundle.min.js"
"HTTP Redirect","1","false","https://offlimits.co.in/collections/men-lifestyle-recover-kicks","true","https://unpkg.com/swiper/swiper-bundle.min.js","https://unpkg.com/swiper@14.1.0/swiper-bundle.min.js","Unknown","Not crawled","","","","","","//body/script[9]","Content","text/plain;charset=UTF-8","302","Found","HTTP Redirect","https://unpkg.com/swiper@14.1.0/swiper-bundle.min.js"
"HTTP Redirect","1","false","https://offlimits.co.in/collections/women-running-shoes","true","https://unpkg.com/swiper/swiper-bundle.min.js","https://unpkg.com/swiper@14.1.0/swiper-bundle.min.js","Unknown","Not crawled","","","","","","//body/script[9]","Content","text/plain;charset=UTF-8","302","Found","HTTP Redirect","https://unpkg.com/swiper@14.1.0/swiper-bundle.min.js"
"HTTP Redirect","1","false","https://offlimits.co.in/pages/technology","true","https://unpkg.com/swiper/swiper-bundle.min.js","https://unpkg.com/swiper@14.1.0/swiper-bundle.min.js","Unknown","Not crawled","","","","","","//body/script[9]","Content","text/plain;charset=UTF-8","302","Found","HTTP Redirect","https://unpkg.com/swiper@14.1.0/swiper-bundle.min.js"
"HTTP Redirect","1","false","https://offlimits.co.in/collections/men-shorts","true","https://unpkg.com/swiper/swiper-bundle.min.js","https://unpkg.com/swiper@14.1.0/swiper-bundle.min.js","Unknown","Not crawled","","","","","","//body/script[9]","Content","text/plain;charset=UTF-8","302","Found","HTTP Redirect","https://unpkg.com/swiper@14.1.0/swiper-bundle.min.js"
"HTTP Redirect","1","false","https://offlimits.co.in/collections/men-running-shoes","true","https://unpkg.com/swiper/swiper-bundle.min.js","https://unpkg.com/swiper@14.1.0/swiper-bundle.min.js","Unknown","Not crawled","","","","","","//body/script[9]","Content","text/plain;charset=UTF-8","302","Found","HTTP Redirect","https://unpkg.com/swiper@14.1.0/swiper-bundle.min.js"
"HTTP Redirect","1","false","https://offlimits.co.in/collections/mens-running-gym-shoes/products/gladiator-light-grey-orm-661-06","true","https://unpkg.com/swiper/swiper-bundle.min.js","https://unpkg.com/swiper@14.1.0/swiper-bundle.min.js","Unknown","Not crawled","","","","","","//body/script[9]","Content","text/plain;charset=UTF-8","302","Found","HTTP Redirect","https://unpkg.com/swiper@14.1.0/swiper-bundle.min.js"
"HTTP Redirect","1","false","https://offlimits.co.in/collections/low-top-shoes-for-men/products/speed-cat-crazy-horse-tan-ocm-062-04","true","https://unpkg.com/swiper/swiper-bundle.min.js","https://unpkg.com/swiper@14.1.0/swiper-bundle.min.js","Unknown","Not crawled","","","","","","//body/script[9]","Content","text/plain;charset=UTF-8","302","Found","HTTP Redirect","https://unpkg.com/swiper@14.1.0/swiper-bundle.min.js"
"HTTP Redirect","1","false","https://offlimits.co.in/collections/men-lifestyle-recover-kicks/products/magnum-black-ocm-750-02","true","https://unpkg.com/swiper/swiper-bundle.min.js","https://unpkg.com/swiper@14.1.0/swiper-bundle.min.js","Unknown","Not crawled","","","","","","//body/script[9]","Content","text/plain;charset=UTF-8","302","Found","HTTP Redirect","https://unpkg.com/swiper@14.1.0/swiper-bundle.min.js"
"HTTP Redirect","1","false","https://offlimits.co.in/collections/men-lifestyle-recover-kicks/products/stussy-brown-orm-407-40","true","https://unpkg.com/swiper/swiper-bundle.min.js","https://unpkg.com/swiper@14.1.0/swiper-bundle.min.js","Unknown","Not crawled","","","","","","//body/script[9]","Content","text/plain;charset=UTF-8","302","Found","HTTP Redirect","https://unpkg.com/swiper@14.1.0/swiper-bundle.min.js"
"HTTP Redirect","1","false","https://offlimits.co.in/collections/men-lifestyle-recover-kicks/products/tribe-x-black-matte-ocm-769-02","true","https://unpkg.com/swiper/swiper-bundle.min.js","https://unpkg.com/swiper@14.1.0/swiper-bundle.min.js","Unknown","Not crawled","","","","","","//body/script[9]","Content","text/plain;charset=UTF-8","302","Found","HTTP Redirect","https://unpkg.com/swiper@14.1.0/swiper-bundle.min.js"
"HTTP Redirect","1","false","https://offlimits.co.in/collections/women-running-shoes/products/pulsara-for-her-off-white-pink-orw-889-02","true","https://unpkg.com/swiper/swiper-bundle.min.js","https://unpkg.com/swiper@14.1.0/swiper-bundle.min.js","Unknown","Not crawled","","","","","","//body/script[9]","Content","text/plain;charset=UTF-8","302","Found","HTTP Redirect","https://unpkg.com/swiper@14.1.0/swiper-bundle.min.js"
"HTTP Redirect","1","false","https://offlimits.co.in/collections/women-running-shoes/products/speedster-for-her-off-white-light-grey-orw-730-06","true","https://unpkg.com/swiper/swiper-bundle.min.js","https://unpkg.com/swiper@14.1.0/swiper-bundle.min.js","Unknown","Not crawled","","","","","","//body/script[9]","Content","text/plain;charset=UTF-8","302","Found","HTTP Redirect","https://unpkg.com/swiper@14.1.0/swiper-bundle.min.js"
"HTTP Redirect","1","false","https://offlimits.co.in/collections/men-shorts/products/mens-pol-cns-mesh-shorts-obm-77-01","true","https://unpkg.com/swiper/swiper-bundle.min.js","https://unpkg.com/swiper@14.1.0/swiper-bundle.min.js","Unknown","Not crawled","","","","","","//body/script[9]","Content","text/plain;charset=UTF-8","302","Found","HTTP Redirect","https://unpkg.com/swiper@14.1.0/swiper-bundle.min.js"
"HTTP Redirect","1","false","https://offlimits.co.in/collections/men-running-shoes/products/gladiator-off-white-orm-661-02","true","https://unpkg.com/swiper/swiper-bundle.min.js","https://unpkg.com/swiper@14.1.0/swiper-bundle.min.js","Unknown","Not crawled","","","","","","//body/script[9]","Content","text/plain;charset=UTF-8","302","Found","HTTP Redirect","https://unpkg.com/swiper@14.1.0/swiper-bundle.min.js"
"HTTP Redirect","1","false","https://offlimits.co.in/collections/men-running-shoes/products/gladiator-off-white-beige-orm-661-17","true","https://unpkg.com/swiper/swiper-bundle.min.js","https://unpkg.com/swiper@14.1.0/swiper-bundle.min.js","Unknown","Not crawled","","","","","","//body/script[9]","Content","text/plain;charset=UTF-8","302","Found","HTTP Redirect","https://unpkg.com/swiper@14.1.0/swiper-bundle.min.js"
"HTTP Redirect","1","false","https://offlimits.co.in/","false","https://www.facebook.com/profile.php?id=61580311965970","https://www.facebook.com/people/Off-Limits/61580311965970/","Unknown","Not crawled","","","","facebook","","//body/div[@id='nt_wrapper']/footer/div[@id='shopify-section-footer_top']/div/div/div[@class='row']/div[1]/aside/div/div/div[@class='social-icons']/ul/li[3]/a","Aside","text/html; charset=""utf-8""","301","Moved Permanently","HTTP Redirect","https://www.facebook.com/people/Off-Limits/61580311965970/"
"HTTP Redirect","1","false","https://offlimits.co.in/collections/mens-bestsellers/products/gladiator-off-white-orm-661-02","false","https://www.facebook.com/profile.php?id=61580311965970","https://www.facebook.com/people/Off-Limits/61580311965970/","Unknown","Not crawled","","","","facebook","","//body/div[@id='nt_wrapper']/footer/div[@id='shopify-section-footer_top']/div/div/div[@class='row']/div[1]/aside/div/div/div[@class='social-icons']/ul/li[3]/a","Aside","text/html; charset=""utf-8""","301","Moved Permanently","HTTP Redirect","https://www.facebook.com/people/Off-Limits/61580311965970/"
"HTTP Redirect","1","false","https://offlimits.co.in/collections/mens-bestsellers/products/swat-orm-600-03","false","https://www.facebook.com/profile.php?id=61580311965970","https://www.facebook.com/people/Off-Limits/61580311965970/","Unknown","Not crawled","","","","facebook","","//body/div[@id='nt_wrapper']/footer/div[@id='shopify-section-footer_top']/div/div/div[@class='row']/div[1]/aside/div/div/div[@class='social-icons']/ul/li[3]/a","Aside","text/html; charset=""utf-8""","301","Moved Permanently","HTTP Redirect","https://www.facebook.com/people/Off-Limits/61580311965970/"
"HTTP Redirect","1","false","https://offlimits.co.in/collections/new-arrivals-2026/products/griffith-big-tall-off-white-green-ocm-936-05","false","https://www.facebook.com/profile.php?id=61580311965970","https://www.facebook.com/people/Off-Limits/61580311965970/","Unknown","Not crawled","","","","facebook","","//body/div[@id='nt_wrapper']/footer/div[@id='shopify-section-footer_top']/div/div/div[@class='row']/div[1]/aside/div/div/div[@class='social-icons']/ul/li[3]/a","Aside","text/html; charset=""utf-8""","301","Moved Permanently","HTTP Redirect","https://www.facebook.com/people/Off-Limits/61580311965970/"
"HTTP Redirect","1","false","https://offlimits.co.in/collections/men-clothing","false","https://www.facebook.com/profile.php?id=61580311965970","https://www.facebook.com/people/Off-Limits/61580311965970/","Unknown","Not crawled","","","","facebook","","//body/div[@id='nt_wrapper']/footer/div[@id='shopify-section-footer_top']/div/div/div[@class='row']/div[1]/aside/div/div/div[@class='social-icons']/ul/li[3]/a","Aside","text/html; charset=""utf-8""","301","Moved Permanently","HTTP Redirect","https://www.facebook.com/people/Off-Limits/61580311965970/"
"HTTP Redirect","1","false","https://offlimits.co.in/collections/women-track-suits","false","https://www.facebook.com/profile.php?id=61580311965970","https://www.facebook.com/people/Off-Limits/61580311965970/","Unknown","Not crawled","","","","facebook","","//body/div[@id='nt_wrapper']/footer/div[@id='shopify-section-footer_top']/div/div/div[@class='row']/div[1]/aside/div/div/div[@class='social-icons']/ul/li[3]/a","Aside","text/html; charset=""utf-8""","301","Moved Permanently","HTTP Redirect","https://www.facebook.com/people/Off-Limits/61580311965970/"
"HTTP Redirect","1","false","https://offlimits.co.in/collections/white-sneaker","false","https://www.facebook.com/profile.php?id=61580311965970","https://www.facebook.com/people/Off-Limits/61580311965970/","Unknown","Not crawled","","","","facebook","","//body/div[@id='nt_wrapper']/footer/div[@id='shopify-section-footer_top']/div/div/div[@class='row']/div[1]/aside/div/div/div[@class='social-icons']/ul/li[3]/a","Aside","text/html; charset=""utf-8""","301","Moved Permanently","HTTP Redirect","https://www.facebook.com/people/Off-Limits/61580311965970/"
"HTTP Redirect","1","false","https://offlimits.co.in/collections/new-arrivals","false","https://www.facebook.com/profile.php?id=61580311965970","https://www.facebook.com/people/Off-Limits/61580311965970/","Unknown","Not crawled","","","","facebook","","//body/div[@id='nt_wrapper']/footer/div[@id='shopify-section-footer_top']/div/div/div[@class='row']/div[1]/aside/div/div/div[@class='social-icons']/ul/li[3]/a","Aside","text/html; charset=""utf-8""","301","Moved Permanently","HTTP Redirect","https://www.facebook.com/people/Off-Limits/61580311965970/"
"HTTP Redirect","1","false","https://offlimits.co.in/collections/men-walking","false","https://www.facebook.com/profile.php?id=61580311965970","https://www.facebook.com/people/Off-Limits/61580311965970/","Unknown","Not crawled","","","","facebook","","//body/div[@id='nt_wrapper']/footer/div[@id='shopify-section-footer_top']/div/div/div[@class='row']/div[1]/aside/div/div/div[@class='social-icons']/ul/li[3]/a","Aside","text/html; charset=""utf-8""","301","Moved Permanently","HTTP Redirect","https://www.facebook.com/people/Off-Limits/61580311965970/"
"HTTP Redirect","1","false","https://offlimits.co.in/pages/shipping-policy","false","https://www.facebook.com/profile.php?id=61580311965970","https://www.facebook.com/people/Off-Limits/61580311965970/","Unknown","Not crawled","","","","facebook","","//body/div[@id='nt_wrapper']/footer/div[@id='shopify-section-footer_top']/div/div/div[@class='row']/div[1]/aside/div/div/div[@class='social-icons']/ul/li[3]/a","Aside","text/html; charset=""utf-8""","301","Moved Permanently","HTTP Redirect","https://www.facebook.com/people/Off-Limits/61580311965970/"
"HTTP Redirect","1","false","https://offlimits.co.in/pages/about-us","false","https://www.facebook.com/profile.php?id=61580311965970","https://www.facebook.com/people/Off-Limits/61580311965970/","Unknown","Not crawled","","","","facebook","","//body/div[@id='nt_wrapper']/footer/div[@id='shopify-section-footer_top']/div/div/div[@class='row']/div[1]/aside/div/div/div[@class='social-icons']/ul/li[3]/a","Aside","text/html; charset=""utf-8""","301","Moved Permanently","HTTP Redirect","https://www.facebook.com/people/Off-Limits/61580311965970/"
"HTTP Redirect","1","false","https://offlimits.co.in/collections/women-hoodies-jackets","false","https://www.facebook.com/profile.php?id=61580311965970","https://www.facebook.com/people/Off-Limits/61580311965970/","Unknown","Not crawled","","","","facebook","","//body/div[@id='nt_wrapper']/footer/div[@id='shopify-section-footer_top']/div/div/div[@class='row']/div[1]/aside/div/div/div[@class='social-icons']/ul/li[3]/a","Aside","text/html; charset=""utf-8""","301","Moved Permanently","HTTP Redirect","https://www.facebook.com/people/Off-Limits/61580311965970/"
"HTTP Redirect","1","false","https://offlimits.co.in/collections/women-lifestyle","false","https://www.facebook.com/profile.php?id=61580311965970","https://www.facebook.com/people/Off-Limits/61580311965970/","Unknown","Not crawled","","","","facebook","","//body/div[@id='nt_wrapper']/footer/div[@id='shopify-section-footer_top']/div/div/div[@class='row']/div[1]/aside/div/div/div[@class='social-icons']/ul/li[3]/a","Aside","text/html; charset=""utf-8""","301","Moved Permanently","HTTP Redirect","https://www.facebook.com/people/Off-Limits/61580311965970/"
"HTTP Redirect","1","false","https://offlimits.co.in/collections/mens-bestsellers/products/stussy-memory-tech-1-orm-407-08","false","https://www.facebook.com/profile.php?id=61580311965970","https://www.facebook.com/people/Off-Limits/61580311965970/","Unknown","Not crawled","","","","facebook","","//body/div[@id='nt_wrapper']/footer/div[@id='shopify-section-footer_top']/div/div/div[@class='row']/div[1]/aside/div/div/div[@class='social-icons']/ul/li[3]/a","Aside","text/html; charset=""utf-8""","301","Moved Permanently","HTTP Redirect","https://www.facebook.com/people/Off-Limits/61580311965970/"
"HTTP Redirect","1","false","https://offlimits.co.in/collections/new-arrivals-2026/products/hoop-off-white-honey-orm-867-02","false","https://www.facebook.com/profile.php?id=61580311965970","https://www.facebook.com/people/Off-Limits/61580311965970/","Unknown","Not crawled","","","","facebook","","//body/div[@id='nt_wrapper']/footer/div[@id='shopify-section-footer_top']/div/div/div[@class='row']/div[1]/aside/div/div/div[@class='social-icons']/ul/li[3]/a","Aside","text/html; charset=""utf-8""","301","Moved Permanently","HTTP Redirect","https://www.facebook.com/people/Off-Limits/61580311965970/"
"HTTP Redirect","1","false","https://offlimits.co.in/collections/new-arrivals-2026/products/roger-select-blue-ocm-915-12","false","https://www.facebook.com/profile.php?id=61580311965970","https://www.facebook.com/people/Off-Limits/61580311965970/","Unknown","Not crawled","","","","facebook","","//body/div[@id='nt_wrapper']/footer/div[@id='shopify-section-footer_top']/div/div/div[@class='row']/div[1]/aside/div/div/div[@class='social-icons']/ul/li[3]/a","Aside","text/html; charset=""utf-8""","301","Moved Permanently","HTTP Redirect","https://www.facebook.com/people/Off-Limits/61580311965970/"
"HTTP Redirect","1","false","https://offlimits.co.in/collections/limited-edition","false","https://www.facebook.com/profile.php?id=61580311965970","https://www.facebook.com/people/Off-Limits/61580311965970/","Unknown","Not crawled","","","","facebook","","//body/div[@id='nt_wrapper']/footer/div[@id='shopify-section-footer_top']/div/div/div[@class='row']/div[1]/aside/div/div/div[@class='social-icons']/ul/li[3]/a","Aside","text/html; charset=""utf-8""","301","Moved Permanently","HTTP Redirect","https://www.facebook.com/people/Off-Limits/61580311965970/"
"HTTP Redirect","1","false","https://offlimits.co.in/collections/women-shoes","false","https://www.facebook.com/profile.php?id=61580311965970","https://www.facebook.com/people/Off-Limits/61580311965970/","Unknown","Not crawled","","","","facebook","","//body/div[@id='nt_wrapper']/footer/div[@id='shopify-section-footer_top']/div/div/div[@class='row']/div[1]/aside/div/div/div[@class='social-icons']/ul/li[3]/a","Aside","text/html; charset=""utf-8""","301","Moved Permanently","HTTP Redirect","https://www.facebook.com/people/Off-Limits/61580311965970/"
"HTTP Redirect","1","false","https://offlimits.co.in/collections/mens-running-gym-shoes","false","https://www.facebook.com/profile.php?id=61580311965970","https://www.facebook.com/people/Off-Limits/61580311965970/","Unknown","Not crawled","","","","facebook","","//body/div[@id='nt_wrapper']/footer/div[@id='shopify-section-footer_top']/div/div/div[@class='row']/div[1]/aside/div/div/div[@class='social-icons']/ul/li[3]/a","Aside","text/html; charset=""utf-8""","301","Moved Permanently","HTTP Redirect","https://www.facebook.com/people/Off-Limits/61580311965970/"
"HTTP Redirect","1","false","https://offlimits.co.in/collections/low-top-shoes-for-men","false","https://www.facebook.com/profile.php?id=61580311965970","https://www.facebook.com/people/Off-Limits/61580311965970/","Unknown","Not crawled","","","","facebook","","//body/div[@id='nt_wrapper']/footer/div[@id='shopify-section-footer_top']/div/div/div[@class='row']/div[1]/aside/div/div/div[@class='social-icons']/ul/li[3]/a","Aside","text/html; charset=""utf-8""","301","Moved Permanently","HTTP Redirect","https://www.facebook.com/people/Off-Limits/61580311965970/"
"HTTP Redirect","1","false","https://offlimits.co.in/collections/men-lifestyle-recover-kicks","false","https://www.facebook.com/profile.php?id=61580311965970","https://www.facebook.com/people/Off-Limits/61580311965970/","Unknown","Not crawled","","","","facebook","","//body/div[@id='nt_wrapper']/footer/div[@id='shopify-section-footer_top']/div/div/div[@class='row']/div[1]/aside/div/div/div[@class='social-icons']/ul/li[3]/a","Aside","text/html; charset=""utf-8""","301","Moved Permanently","HTTP Redirect","https://www.facebook.com/people/Off-Limits/61580311965970/"
"HTTP Redirect","1","false","https://offlimits.co.in/collections/women-running-shoes","false","https://www.facebook.com/profile.php?id=61580311965970","https://www.facebook.com/people/Off-Limits/61580311965970/","Unknown","Not crawled","","","","facebook","","//body/div[@id='nt_wrapper']/footer/div[@id='shopify-section-footer_top']/div/div/div[@class='row']/div[1]/aside/div/div/div[@class='social-icons']/ul/li[3]/a","Aside","text/html; charset=""utf-8""","301","Moved Permanently","HTTP Redirect","https://www.facebook.com/people/Off-Limits/61580311965970/"
"HTTP Redirect","1","false","https://offlimits.co.in/pages/technology","false","https://www.facebook.com/profile.php?id=61580311965970","https://www.facebook.com/people/Off-Limits/61580311965970/","Unknown","Not crawled","","","","facebook","","//body/div[@id='nt_wrapper']/footer/div[@id='shopify-section-footer_top']/div/div/div[@class='row']/div[1]/aside/div/div/div[@class='social-icons']/ul/li[3]/a","Aside","text/html; charset=""utf-8""","301","Moved Permanently","HTTP Redirect","https://www.facebook.com/people/Off-Limits/61580311965970/"
"HTTP Redirect","1","false","https://offlimits.co.in/collections/men-shorts","false","https://www.facebook.com/profile.php?id=61580311965970","https://www.facebook.com/people/Off-Limits/61580311965970/","Unknown","Not crawled","","","","facebook","","//body/div[@id='nt_wrapper']/footer/div[@id='shopify-section-footer_top']/div/div/div[@class='row']/div[1]/aside/div/div/div[@class='social-icons']/ul/li[3]/a","Aside","text/html; charset=""utf-8""","301","Moved Permanently","HTTP Redirect","https://www.facebook.com/people/Off-Limits/61580311965970/"
"HTTP Redirect","1","false","https://offlimits.co.in/collections/men-running-shoes","false","https://www.facebook.com/profile.php?id=61580311965970","https://www.facebook.com/people/Off-Limits/61580311965970/","Unknown","Not crawled","","","","facebook","","//body/div[@id='nt_wrapper']/footer/div[@id='shopify-section-footer_top']/div/div/div[@class='row']/div[1]/aside/div/div/div[@class='social-icons']/ul/li[3]/a","Aside","text/html; charset=""utf-8""","301","Moved Permanently","HTTP Redirect","https://www.facebook.com/people/Off-Limits/61580311965970/"
"HTTP Redirect","1","false","https://offlimits.co.in/collections/mens-running-gym-shoes/products/gladiator-light-grey-orm-661-06","false","https://www.facebook.com/profile.php?id=61580311965970","https://www.facebook.com/people/Off-Limits/61580311965970/","Unknown","Not crawled","","","","facebook","","//body/div[@id='nt_wrapper']/footer/div[@id='shopify-section-footer_top']/div/div/div[@class='row']/div[1]/aside/div/div/div[@class='social-icons']/ul/li[3]/a","Aside","text/html; charset=""utf-8""","301","Moved Permanently","HTTP Redirect","https://www.facebook.com/people/Off-Limits/61580311965970/"
"HTTP Redirect","1","false","https://offlimits.co.in/collections/low-top-shoes-for-men/products/speed-cat-crazy-horse-tan-ocm-062-04","false","https://www.facebook.com/profile.php?id=61580311965970","https://www.facebook.com/people/Off-Limits/61580311965970/","Unknown","Not crawled","","","","facebook","","//body/div[@id='nt_wrapper']/footer/div[@id='shopify-section-footer_top']/div/div/div[@class='row']/div[1]/aside/div/div/div[@class='social-icons']/ul/li[3]/a","Aside","text/html; charset=""utf-8""","301","Moved Permanently","HTTP Redirect","https://www.facebook.com/people/Off-Limits/61580311965970/"
"HTTP Redirect","1","false","https://offlimits.co.in/collections/men-lifestyle-recover-kicks/products/magnum-black-ocm-750-02","false","https://www.facebook.com/profile.php?id=61580311965970","https://www.facebook.com/people/Off-Limits/61580311965970/","Unknown","Not crawled","","","","facebook","","//body/div[@id='nt_wrapper']/footer/div[@id='shopify-section-footer_top']/div/div/div[@class='row']/div[1]/aside/div/div/div[@class='social-icons']/ul/li[3]/a","Aside","text/html; charset=""utf-8""","301","Moved Permanently","HTTP Redirect","https://www.facebook.com/people/Off-Limits/61580311965970/"
"HTTP Redirect","1","false","https://offlimits.co.in/collections/men-lifestyle-recover-kicks/products/stussy-brown-orm-407-40","false","https://www.facebook.com/profile.php?id=61580311965970","https://www.facebook.com/people/Off-Limits/61580311965970/","Unknown","Not crawled","","","","facebook","","//body/div[@id='nt_wrapper']/footer/div[@id='shopify-section-footer_top']/div/div/div[@class='row']/div[1]/aside/div/div/div[@class='social-icons']/ul/li[3]/a","Aside","text/html; charset=""utf-8""","301","Moved Permanently","HTTP Redirect","https://www.facebook.com/people/Off-Limits/61580311965970/"
"HTTP Redirect","1","false","https://offlimits.co.in/collections/men-lifestyle-recover-kicks/products/tribe-x-black-matte-ocm-769-02","false","https://www.facebook.com/profile.php?id=61580311965970","https://www.facebook.com/people/Off-Limits/61580311965970/","Unknown","Not crawled","","","","facebook","","//body/div[@id='nt_wrapper']/footer/div[@id='shopify-section-footer_top']/div/div/div[@class='row']/div[1]/aside/div/div/div[@class='social-icons']/ul/li[3]/a","Aside","text/html; charset=""utf-8""","301","Moved Permanently","HTTP Redirect","https://www.facebook.com/people/Off-Limits/61580311965970/"
"HTTP Redirect","1","false","https://offlimits.co.in/collections/women-running-shoes/products/pulsara-for-her-off-white-pink-orw-889-02","false","https://www.facebook.com/profile.php?id=61580311965970","https://www.facebook.com/people/Off-Limits/61580311965970/","Unknown","Not crawled","","","","facebook","","//body/div[@id='nt_wrapper']/footer/div[@id='shopify-section-footer_top']/div/div/div[@class='row']/div[1]/aside/div/div/div[@class='social-icons']/ul/li[3]/a","Aside","text/html; charset=""utf-8""","301","Moved Permanently","HTTP Redirect","https://www.facebook.com/people/Off-Limits/61580311965970/"
"HTTP Redirect","1","false","https://offlimits.co.in/collections/women-running-shoes/products/speedster-for-her-off-white-light-grey-orw-730-06","false","https://www.facebook.com/profile.php?id=61580311965970","https://www.facebook.com/people/Off-Limits/61580311965970/","Unknown","Not crawled","","","","facebook","","//body/div[@id='nt_wrapper']/footer/div[@id='shopify-section-footer_top']/div/div/div[@class='row']/div[1]/aside/div/div/div[@class='social-icons']/ul/li[3]/a","Aside","text/html; charset=""utf-8""","301","Moved Permanently","HTTP Redirect","https://www.facebook.com/people/Off-Limits/61580311965970/"
"HTTP Redirect","1","false","https://offlimits.co.in/collections/men-shorts/products/mens-pol-cns-mesh-shorts-obm-77-01","false","https://www.facebook.com/profile.php?id=61580311965970","https://www.facebook.com/people/Off-Limits/61580311965970/","Unknown","Not crawled","","","","facebook","","//body/div[@id='nt_wrapper']/footer/div[@id='shopify-section-footer_top']/div/div/div[@class='row']/div[1]/aside/div/div/div[@class='social-icons']/ul/li[3]/a","Aside","text/html; charset=""utf-8""","301","Moved Permanently","HTTP Redirect","https://www.facebook.com/people/Off-Limits/61580311965970/"
"HTTP Redirect","1","false","https://offlimits.co.in/collections/men-running-shoes/products/gladiator-off-white-orm-661-02","false","https://www.facebook.com/profile.php?id=61580311965970","https://www.facebook.com/people/Off-Limits/61580311965970/","Unknown","Not crawled","","","","facebook","","//body/div[@id='nt_wrapper']/footer/div[@id='shopify-section-footer_top']/div/div/div[@class='row']/div[1]/aside/div/div/div[@class='social-icons']/ul/li[3]/a","Aside","text/html; charset=""utf-8""","301","Moved Permanently","HTTP Redirect","https://www.facebook.com/people/Off-Limits/61580311965970/"
"HTTP Redirect","1","false","https://offlimits.co.in/collections/men-running-shoes/products/gladiator-off-white-beige-orm-661-17","false","https://www.facebook.com/profile.php?id=61580311965970","https://www.facebook.com/people/Off-Limits/61580311965970/","Unknown","Not crawled","","","","facebook","","//body/div[@id='nt_wrapper']/footer/div[@id='shopify-section-footer_top']/div/div/div[@class='row']/div[1]/aside/div/div/div[@class='social-icons']/ul/li[3]/a","Aside","text/html; charset=""utf-8""","301","Moved Permanently","HTTP Redirect","https://www.facebook.com/people/Off-Limits/61580311965970/"
"HTTP Redirect","1","false","https://offlimits.co.in/","false","https://twitter.com/OfflimitsT","https://x.com/OfflimitsT","Unknown","Not crawled","","","","","","//body/div[@id='nt_wrapper']/footer/div[@id='shopify-section-footer_top']/div/div/div[@class='row']/div[1]/aside/div/div/div[@class='social-icons']/ul/li[5]/a","Aside","","301","Moved Permanently","HTTP Redirect","https://x.com/OfflimitsT"
"HTTP Redirect","1","false","https://offlimits.co.in/collections/mens-bestsellers/products/gladiator-off-white-orm-661-02","false","https://twitter.com/OfflimitsT","https://x.com/OfflimitsT","Unknown","Not crawled","","","","","","//body/div[@id='nt_wrapper']/footer/div[@id='shopify-section-footer_top']/div/div/div[@class='row']/div[1]/aside/div/div/div[@class='social-icons']/ul/li[5]/a","Aside","","301","Moved Permanently","HTTP Redirect","https://x.com/OfflimitsT"
"HTTP Redirect","1","false","https://offlimits.co.in/collections/mens-bestsellers/products/swat-orm-600-03","false","https://twitter.com/OfflimitsT","https://x.com/OfflimitsT","Unknown","Not crawled","","","","","","//body/div[@id='nt_wrapper']/footer/div[@id='shopify-section-footer_top']/div/div/div[@class='row']/div[1]/aside/div/div/div[@class='social-icons']/ul/li[5]/a","Aside","","301","Moved Permanently","HTTP Redirect","https://x.com/OfflimitsT"
"HTTP Redirect","1","false","https://offlimits.co.in/collections/new-arrivals-2026/products/griffith-big-tall-off-white-green-ocm-936-05","false","https://twitter.com/OfflimitsT","https://x.com/OfflimitsT","Unknown","Not crawled","","","","","","//body/div[@id='nt_wrapper']/footer/div[@id='shopify-section-footer_top']/div/div/div[@class='row']/div[1]/aside/div/div/div[@class='social-icons']/ul/li[5]/a","Aside","","301","Moved Permanently","HTTP Redirect","https://x.com/OfflimitsT"
"HTTP Redirect","1","false","https://offlimits.co.in/collections/men-clothing","false","https://twitter.com/OfflimitsT","https://x.com/OfflimitsT","Unknown","Not crawled","","","","","","//body/div[@id='nt_wrapper']/footer/div[@id='shopify-section-footer_top']/div/div/div[@class='row']/div[1]/aside/div/div/div[@class='social-icons']/ul/li[5]/a","Aside","","301","Moved Permanently","HTTP Redirect","https://x.com/OfflimitsT"
"HTTP Redirect","1","false","https://offlimits.co.in/collections/women-track-suits","false","https://twitter.com/OfflimitsT","https://x.com/OfflimitsT","Unknown","Not crawled","","","","","","//body/div[@id='nt_wrapper']/footer/div[@id='shopify-section-footer_top']/div/div/div[@class='row']/div[1]/aside/div/div/div[@class='social-icons']/ul/li[5]/a","Aside","","301","Moved Permanently","HTTP Redirect","https://x.com/OfflimitsT"
"HTTP Redirect","1","false","https://offlimits.co.in/collections/white-sneaker","false","https://twitter.com/OfflimitsT","https://x.com/OfflimitsT","Unknown","Not crawled","","","","","","//body/div[@id='nt_wrapper']/footer/div[@id='shopify-section-footer_top']/div/div/div[@class='row']/div[1]/aside/div/div/div[@class='social-icons']/ul/li[5]/a","Aside","","301","Moved Permanently","HTTP Redirect","https://x.com/OfflimitsT"
"HTTP Redirect","1","false","https://offlimits.co.in/collections/new-arrivals","false","https://twitter.com/OfflimitsT","https://x.com/OfflimitsT","Unknown","Not crawled","","","","","","//body/div[@id='nt_wrapper']/footer/div[@id='shopify-section-footer_top']/div/div/div[@class='row']/div[1]/aside/div/div/div[@class='social-icons']/ul/li[5]/a","Aside","","301","Moved Permanently","HTTP Redirect","https://x.com/OfflimitsT"
"HTTP Redirect","1","false","https://offlimits.co.in/collections/men-walking","false","https://twitter.com/OfflimitsT","https://x.com/OfflimitsT","Unknown","Not crawled","","","","","","//body/div[@id='nt_wrapper']/footer/div[@id='shopify-section-footer_top']/div/div/div[@class='row']/div[1]/aside/div/div/div[@class='social-icons']/ul/li[5]/a","Aside","","301","Moved Permanently","HTTP Redirect","https://x.com/OfflimitsT"
"HTTP Redirect","1","false","https://offlimits.co.in/pages/shipping-policy","false","https://twitter.com/OfflimitsT","https://x.com/OfflimitsT","Unknown","Not crawled","","","","","","//body/div[@id='nt_wrapper']/footer/div[@id='shopify-section-footer_top']/div/div/div[@class='row']/div[1]/aside/div/div/div[@class='social-icons']/ul/li[5]/a","Aside","","301","Moved Permanently","HTTP Redirect","https://x.com/OfflimitsT"
"HTTP Redirect","1","false","https://offlimits.co.in/pages/about-us","false","https://twitter.com/OfflimitsT","https://x.com/OfflimitsT","Unknown","Not crawled","","","","","","//body/div[@id='nt_wrapper']/footer/div[@id='shopify-section-footer_top']/div/div/div[@class='row']/div[1]/aside/div/div/div[@class='social-icons']/ul/li[5]/a","Aside","","301","Moved Permanently","HTTP Redirect","https://x.com/OfflimitsT"
"HTTP Redirect","1","false","https://offlimits.co.in/collections/women-hoodies-jackets","false","https://twitter.com/OfflimitsT","https://x.com/OfflimitsT","Unknown","Not crawled","","","","","","//body/div[@id='nt_wrapper']/footer/div[@id='shopify-section-footer_top']/div/div/div[@class='row']/div[1]/aside/div/div/div[@class='social-icons']/ul/li[5]/a","Aside","","301","Moved Permanently","HTTP Redirect","https://x.com/OfflimitsT"
"HTTP Redirect","1","false","https://offlimits.co.in/collections/women-lifestyle","false","https://twitter.com/OfflimitsT","https://x.com/OfflimitsT","Unknown","Not crawled","","","","","","//body/div[@id='nt_wrapper']/footer/div[@id='shopify-section-footer_top']/div/div/div[@class='row']/div[1]/aside/div/div/div[@class='social-icons']/ul/li[5]/a","Aside","","301","Moved Permanently","HTTP Redirect","https://x.com/OfflimitsT"
"HTTP Redirect","1","false","https://offlimits.co.in/collections/mens-bestsellers/products/stussy-memory-tech-1-orm-407-08","false","https://twitter.com/OfflimitsT","https://x.com/OfflimitsT","Unknown","Not crawled","","","","","","//body/div[@id='nt_wrapper']/footer/div[@id='shopify-section-footer_top']/div/div/div[@class='row']/div[1]/aside/div/div/div[@class='social-icons']/ul/li[5]/a","Aside","","301","Moved Permanently","HTTP Redirect","https://x.com/OfflimitsT"
"HTTP Redirect","1","false","https://offlimits.co.in/collections/new-arrivals-2026/products/hoop-off-white-honey-orm-867-02","false","https://twitter.com/OfflimitsT","https://x.com/OfflimitsT","Unknown","Not crawled","","","","","","//body/div[@id='nt_wrapper']/footer/div[@id='shopify-section-footer_top']/div/div/div[@class='row']/div[1]/aside/div/div/div[@class='social-icons']/ul/li[5]/a","Aside","","301","Moved Permanently","HTTP Redirect","https://x.com/OfflimitsT"
"HTTP Redirect","1","false","https://offlimits.co.in/collections/new-arrivals-2026/products/roger-select-blue-ocm-915-12","false","https://twitter.com/OfflimitsT","https://x.com/OfflimitsT","Unknown","Not crawled","","","","","","//body/div[@id='nt_wrapper']/footer/div[@id='shopify-section-footer_top']/div/div/div[@class='row']/div[1]/aside/div/div/div[@class='social-icons']/ul/li[5]/a","Aside","","301","Moved Permanently","HTTP Redirect","https://x.com/OfflimitsT"
"HTTP Redirect","1","false","https://offlimits.co.in/collections/limited-edition","false","https://twitter.com/OfflimitsT","https://x.com/OfflimitsT","Unknown","Not crawled","","","","","","//body/div[@id='nt_wrapper']/footer/div[@id='shopify-section-footer_top']/div/div/div[@class='row']/div[1]/aside/div/div/div[@class='social-icons']/ul/li[5]/a","Aside","","301","Moved Permanently","HTTP Redirect","https://x.com/OfflimitsT"
"HTTP Redirect","1","false","https://offlimits.co.in/collections/women-shoes","false","https://twitter.com/OfflimitsT","https://x.com/OfflimitsT","Unknown","Not crawled","","","","","","//body/div[@id='nt_wrapper']/footer/div[@id='shopify-section-footer_top']/div/div/div[@class='row']/div[1]/aside/div/div/div[@class='social-icons']/ul/li[5]/a","Aside","","301","Moved Permanently","HTTP Redirect","https://x.com/OfflimitsT"
"HTTP Redirect","1","false","https://offlimits.co.in/collections/mens-running-gym-shoes","false","https://twitter.com/OfflimitsT","https://x.com/OfflimitsT","Unknown","Not crawled","","","","","","//body/div[@id='nt_wrapper']/footer/div[@id='shopify-section-footer_top']/div/div/div[@class='row']/div[1]/aside/div/div/div[@class='social-icons']/ul/li[5]/a","Aside","","301","Moved Permanently","HTTP Redirect","https://x.com/OfflimitsT"
"HTTP Redirect","1","false","https://offlimits.co.in/collections/low-top-shoes-for-men","false","https://twitter.com/OfflimitsT","https://x.com/OfflimitsT","Unknown","Not crawled","","","","","","//body/div[@id='nt_wrapper']/footer/div[@id='shopify-section-footer_top']/div/div/div[@class='row']/div[1]/aside/div/div/div[@class='social-icons']/ul/li[5]/a","Aside","","301","Moved Permanently","HTTP Redirect","https://x.com/OfflimitsT"
"HTTP Redirect","1","false","https://offlimits.co.in/collections/men-lifestyle-recover-kicks","false","https://twitter.com/OfflimitsT","https://x.com/OfflimitsT","Unknown","Not crawled","","","","","","//body/div[@id='nt_wrapper']/footer/div[@id='shopify-section-footer_top']/div/div/div[@class='row']/div[1]/aside/div/div/div[@class='social-icons']/ul/li[5]/a","Aside","","301","Moved Permanently","HTTP Redirect","https://x.com/OfflimitsT"
"HTTP Redirect","1","false","https://offlimits.co.in/collections/women-running-shoes","false","https://twitter.com/OfflimitsT","https://x.com/OfflimitsT","Unknown","Not crawled","","","","","","//body/div[@id='nt_wrapper']/footer/div[@id='shopify-section-footer_top']/div/div/div[@class='row']/div[1]/aside/div/div/div[@class='social-icons']/ul/li[5]/a","Aside","","301","Moved Permanently","HTTP Redirect","https://x.com/OfflimitsT"
"HTTP Redirect","1","false","https://offlimits.co.in/pages/technology","false","https://twitter.com/OfflimitsT","https://x.com/OfflimitsT","Unknown","Not crawled","","","","","","//body/div[@id='nt_wrapper']/footer/div[@id='shopify-section-footer_top']/div/div/div[@class='row']/div[1]/aside/div/div/div[@class='social-icons']/ul/li[5]/a","Aside","","301","Moved Permanently","HTTP Redirect","https://x.com/OfflimitsT"
"HTTP Redirect","1","false","https://offlimits.co.in/collections/men-shorts","false","https://twitter.com/OfflimitsT","https://x.com/OfflimitsT","Unknown","Not crawled","","","","","","//body/div[@id='nt_wrapper']/footer/div[@id='shopify-section-footer_top']/div/div/div[@class='row']/div[1]/aside/div/div/div[@class='social-icons']/ul/li[5]/a","Aside","","301","Moved Permanently","HTTP Redirect","https://x.com/OfflimitsT"
"HTTP Redirect","1","false","https://offlimits.co.in/collections/men-running-shoes","false","https://twitter.com/OfflimitsT","https://x.com/OfflimitsT","Unknown","Not crawled","","","","","","//body/div[@id='nt_wrapper']/footer/div[@id='shopify-section-footer_top']/div/div/div[@class='row']/div[1]/aside/div/div/div[@class='social-icons']/ul/li[5]/a","Aside","","301","Moved Permanently","HTTP Redirect","https://x.com/OfflimitsT"
"HTTP Redirect","1","false","https://offlimits.co.in/collections/mens-running-gym-shoes/products/gladiator-light-grey-orm-661-06","false","https://twitter.com/OfflimitsT","https://x.com/OfflimitsT","Unknown","Not crawled","","","","","","//body/div[@id='nt_wrapper']/footer/div[@id='shopify-section-footer_top']/div/div/div[@class='row']/div[1]/aside/div/div/div[@class='social-icons']/ul/li[5]/a","Aside","","301","Moved Permanently","HTTP Redirect","https://x.com/OfflimitsT"
"HTTP Redirect","1","false","https://offlimits.co.in/collections/low-top-shoes-for-men/products/speed-cat-crazy-horse-tan-ocm-062-04","false","https://twitter.com/OfflimitsT","https://x.com/OfflimitsT","Unknown","Not crawled","","","","","","//body/div[@id='nt_wrapper']/footer/div[@id='shopify-section-footer_top']/div/div/div[@class='row']/div[1]/aside/div/div/div[@class='social-icons']/ul/li[5]/a","Aside","","301","Moved Permanently","HTTP Redirect","https://x.com/OfflimitsT"
"HTTP Redirect","1","false","https://offlimits.co.in/collections/men-lifestyle-recover-kicks/products/magnum-black-ocm-750-02","false","https://twitter.com/OfflimitsT","https://x.com/OfflimitsT","Unknown","Not crawled","","","","","","//body/div[@id='nt_wrapper']/footer/div[@id='shopify-section-footer_top']/div/div/div[@class='row']/div[1]/aside/div/div/div[@class='social-icons']/ul/li[5]/a","Aside","","301","Moved Permanently","HTTP Redirect","https://x.com/OfflimitsT"
"HTTP Redirect","1","false","https://offlimits.co.in/collections/men-lifestyle-recover-kicks/products/stussy-brown-orm-407-40","false","https://twitter.com/OfflimitsT","https://x.com/OfflimitsT","Unknown","Not crawled","","","","","","//body/div[@id='nt_wrapper']/footer/div[@id='shopify-section-footer_top']/div/div/div[@class='row']/div[1]/aside/div/div/div[@class='social-icons']/ul/li[5]/a","Aside","","301","Moved Permanently","HTTP Redirect","https://x.com/OfflimitsT"
"HTTP Redirect","1","false","https://offlimits.co.in/collections/men-lifestyle-recover-kicks/products/tribe-x-black-matte-ocm-769-02","false","https://twitter.com/OfflimitsT","https://x.com/OfflimitsT","Unknown","Not crawled","","","","","","//body/div[@id='nt_wrapper']/footer/div[@id='shopify-section-footer_top']/div/div/div[@class='row']/div[1]/aside/div/div/div[@class='social-icons']/ul/li[5]/a","Aside","","301","Moved Permanently","HTTP Redirect","https://x.com/OfflimitsT"
"HTTP Redirect","1","false","https://offlimits.co.in/collections/women-running-shoes/products/pulsara-for-her-off-white-pink-orw-889-02","false","https://twitter.com/OfflimitsT","https://x.com/OfflimitsT","Unknown","Not crawled","","","","","","//body/div[@id='nt_wrapper']/footer/div[@id='shopify-section-footer_top']/div/div/div[@class='row']/div[1]/aside/div/div/div[@class='social-icons']/ul/li[5]/a","Aside","","301","Moved Permanently","HTTP Redirect","https://x.com/OfflimitsT"
"HTTP Redirect","1","false","https://offlimits.co.in/collections/women-running-shoes/products/speedster-for-her-off-white-light-grey-orw-730-06","false","https://twitter.com/OfflimitsT","https://x.com/OfflimitsT","Unknown","Not crawled","","","","","","//body/div[@id='nt_wrapper']/footer/div[@id='shopify-section-footer_top']/div/div/div[@class='row']/div[1]/aside/div/div/div[@class='social-icons']/ul/li[5]/a","Aside","","301","Moved Permanently","HTTP Redirect","https://x.com/OfflimitsT"
"HTTP Redirect","1","false","https://offlimits.co.in/collections/men-shorts/products/mens-pol-cns-mesh-shorts-obm-77-01","false","https://twitter.com/OfflimitsT","https://x.com/OfflimitsT","Unknown","Not crawled","","","","","","//body/div[@id='nt_wrapper']/footer/div[@id='shopify-section-footer_top']/div/div/div[@class='row']/div[1]/aside/div/div/div[@class='social-icons']/ul/li[5]/a","Aside","","301","Moved Permanently","HTTP Redirect","https://x.com/OfflimitsT"
"HTTP Redirect","1","false","https://offlimits.co.in/collections/men-running-shoes/products/gladiator-off-white-orm-661-02","false","https://twitter.com/OfflimitsT","https://x.com/OfflimitsT","Unknown","Not crawled","","","","","","//body/div[@id='nt_wrapper']/footer/div[@id='shopify-section-footer_top']/div/div/div[@class='row']/div[1]/aside/div/div/div[@class='social-icons']/ul/li[5]/a","Aside","","301","Moved Permanently","HTTP Redirect","https://x.com/OfflimitsT"
"HTTP Redirect","1","false","https://offlimits.co.in/collections/men-running-shoes/products/gladiator-off-white-beige-orm-661-17","false","https://twitter.com/OfflimitsT","https://x.com/OfflimitsT","Unknown","Not crawled","","","","","","//body/div[@id='nt_wrapper']/footer/div[@id='shopify-section-footer_top']/div/div/div[@class='row']/div[1]/aside/div/div/div[@class='social-icons']/ul/li[5]/a","Aside","","301","Moved Permanently","HTTP Redirect","https://x.com/OfflimitsT"
"HTTP Redirect","1","false","https://offlimits.co.in/","true","https://unpkg.com/axios/dist/axios.min.js","https://unpkg.com/axios@1.19.0/dist/axios.min.js","Unknown","Not crawled","","","","","","//head/script[69]","Head","text/plain;charset=UTF-8","302","Found","HTTP Redirect","https://unpkg.com/axios@1.19.0/dist/axios.min.js"
"HTTP Redirect","1","false","https://offlimits.co.in/collections/mens-bestsellers/products/gladiator-off-white-orm-661-02","true","https://unpkg.com/axios/dist/axios.min.js","https://unpkg.com/axios@1.19.0/dist/axios.min.js","Unknown","Not crawled","","","","","","//head/script[36]","Head","text/plain;charset=UTF-8","302","Found","HTTP Redirect","https://unpkg.com/axios@1.19.0/dist/axios.min.js"
"HTTP Redirect","1","false","https://offlimits.co.in/collections/mens-bestsellers/products/swat-orm-600-03","true","https://unpkg.com/axios/dist/axios.min.js","https://unpkg.com/axios@1.19.0/dist/axios.min.js","Unknown","Not crawled","","","","","","//head/script[66]","Head","text/plain;charset=UTF-8","302","Found","HTTP Redirect","https://unpkg.com/axios@1.19.0/dist/axios.min.js"
"HTTP Redirect","1","false","https://offlimits.co.in/collections/new-arrivals-2026/products/griffith-big-tall-off-white-green-ocm-936-05","true","https://unpkg.com/axios/dist/axios.min.js","https://unpkg.com/axios@1.19.0/dist/axios.min.js","Unknown","Not crawled","","","","","","//head/script[69]","Head","text/plain;charset=UTF-8","302","Found","HTTP Redirect","https://unpkg.com/axios@1.19.0/dist/axios.min.js"
"HTTP Redirect","1","false","https://offlimits.co.in/collections/men-clothing","true","https://unpkg.com/axios/dist/axios.min.js","https://unpkg.com/axios@1.19.0/dist/axios.min.js","Unknown","Not crawled","","","","","","//head/script[36]","Head","text/plain;charset=UTF-8","302","Found","HTTP Redirect","https://unpkg.com/axios@1.19.0/dist/axios.min.js"
"HTTP Redirect","1","false","https://offlimits.co.in/collections/women-track-suits","true","https://unpkg.com/axios/dist/axios.min.js","https://unpkg.com/axios@1.19.0/dist/axios.min.js","Unknown","Not crawled","","","","","","//head/script[75]","Head","text/plain;charset=UTF-8","302","Found","HTTP Redirect","https://unpkg.com/axios@1.19.0/dist/axios.min.js"
"HTTP Redirect","1","false","https://offlimits.co.in/collections/white-sneaker","true","https://unpkg.com/axios/dist/axios.min.js","https://unpkg.com/axios@1.19.0/dist/axios.min.js","Unknown","Not crawled","","","","","","//head/script[39]","Head","text/plain;charset=UTF-8","302","Found","HTTP Redirect","https://unpkg.com/axios@1.19.0/dist/axios.min.js"
"HTTP Redirect","1","false","https://offlimits.co.in/collections/new-arrivals","true","https://unpkg.com/axios/dist/axios.min.js","https://unpkg.com/axios@1.19.0/dist/axios.min.js","Unknown","Not crawled","","","","","","//head/script[66]","Head","text/plain;charset=UTF-8","302","Found","HTTP Redirect","https://unpkg.com/axios@1.19.0/dist/axios.min.js"
"HTTP Redirect","1","false","https://offlimits.co.in/collections/men-walking","true","https://unpkg.com/axios/dist/axios.min.js","https://unpkg.com/axios@1.19.0/dist/axios.min.js","Unknown","Not crawled","","","","","","//head/script[43]","Head","text/plain;charset=UTF-8","302","Found","HTTP Redirect","https://unpkg.com/axios@1.19.0/dist/axios.min.js"
"HTTP Redirect","1","false","https://offlimits.co.in/pages/shipping-policy","true","https://unpkg.com/axios/dist/axios.min.js","https://unpkg.com/axios@1.19.0/dist/axios.min.js","Unknown","Not crawled","","","","","","//head/script[75]","Head","text/plain;charset=UTF-8","302","Found","HTTP Redirect","https://unpkg.com/axios@1.19.0/dist/axios.min.js"
"HTTP Redirect","1","false","https://offlimits.co.in/pages/about-us","true","https://unpkg.com/axios/dist/axios.min.js","https://unpkg.com/axios@1.19.0/dist/axios.min.js","Unknown","Not crawled","","","","","","//head/script[36]","Head","text/plain;charset=UTF-8","302","Found","HTTP Redirect","https://unpkg.com/axios@1.19.0/dist/axios.min.js"
"HTTP Redirect","1","false","https://offlimits.co.in/collections/women-hoodies-jackets","true","https://unpkg.com/axios/dist/axios.min.js","https://unpkg.com/axios@1.19.0/dist/axios.min.js","Unknown","Not crawled","","","","","","//head/script[75]","Head","text/plain;charset=UTF-8","302","Found","HTTP Redirect","https://unpkg.com/axios@1.19.0/dist/axios.min.js"
"HTTP Redirect","1","false","https://offlimits.co.in/collections/women-lifestyle","true","https://unpkg.com/axios/dist/axios.min.js","https://unpkg.com/axios@1.19.0/dist/axios.min.js","Unknown","Not crawled","","","","","","//head/script[72]","Head","text/plain;charset=UTF-8","302","Found","HTTP Redirect","https://unpkg.com/axios@1.19.0/dist/axios.min.js"
"HTTP Redirect","1","false","https://offlimits.co.in/collections/mens-bestsellers/products/stussy-memory-tech-1-orm-407-08","true","https://unpkg.com/axios/dist/axios.min.js","https://unpkg.com/axios@1.19.0/dist/axios.min.js","Unknown","Not crawled","","","","","","//head/script[37]","Head","text/plain;charset=UTF-8","302","Found","HTTP Redirect","https://unpkg.com/axios@1.19.0/dist/axios.min.js"
"HTTP Redirect","1","false","https://offlimits.co.in/collections/new-arrivals-2026/products/hoop-off-white-honey-orm-867-02","true","https://unpkg.com/axios/dist/axios.min.js","https://unpkg.com/axios@1.19.0/dist/axios.min.js","Unknown","Not crawled","","","","","","//head/script[63]","Head","text/plain;charset=UTF-8","302","Found","HTTP Redirect","https://unpkg.com/axios@1.19.0/dist/axios.min.js"
"HTTP Redirect","1","false","https://offlimits.co.in/collections/new-arrivals-2026/products/roger-select-blue-ocm-915-12","true","https://unpkg.com/axios/dist/axios.min.js","https://unpkg.com/axios@1.19.0/dist/axios.min.js","Unknown","Not crawled","","","","","","//head/script[46]","Head","text/plain;charset=UTF-8","302","Found","HTTP Redirect","https://unpkg.com/axios@1.19.0/dist/axios.min.js"
"HTTP Redirect","1","false","https://offlimits.co.in/collections/limited-edition","true","https://unpkg.com/axios/dist/axios.min.js","https://unpkg.com/axios@1.19.0/dist/axios.min.js","Unknown","Not crawled","","","","","","//head/script[75]","Head","text/plain;charset=UTF-8","302","Found","HTTP Redirect","https://unpkg.com/axios@1.19.0/dist/axios.min.js"
"HTTP Redirect","1","false","https://offlimits.co.in/collections/women-shoes","true","https://unpkg.com/axios/dist/axios.min.js","https://unpkg.com/axios@1.19.0/dist/axios.min.js","Unknown","Not crawled","","","","","","//head/script[36]","Head","text/plain;charset=UTF-8","302","Found","HTTP Redirect","https://unpkg.com/axios@1.19.0/dist/axios.min.js"
"HTTP Redirect","1","false","https://offlimits.co.in/collections/mens-running-gym-shoes","true","https://unpkg.com/axios/dist/axios.min.js","https://unpkg.com/axios@1.19.0/dist/axios.min.js","Unknown","Not crawled","","","","","","//head/script[41]","Head","text/plain;charset=UTF-8","302","Found","HTTP Redirect","https://unpkg.com/axios@1.19.0/dist/axios.min.js"
"HTTP Redirect","1","false","https://offlimits.co.in/collections/low-top-shoes-for-men","true","https://unpkg.com/axios/dist/axios.min.js","https://unpkg.com/axios@1.19.0/dist/axios.min.js","Unknown","Not crawled","","","","","","//head/script[38]","Head","text/plain;charset=UTF-8","302","Found","HTTP Redirect","https://unpkg.com/axios@1.19.0/dist/axios.min.js"
"HTTP Redirect","1","false","https://offlimits.co.in/collections/men-lifestyle-recover-kicks","true","https://unpkg.com/axios/dist/axios.min.js","https://unpkg.com/axios@1.19.0/dist/axios.min.js","Unknown","Not crawled","","","","","","//head/script[39]","Head","text/plain;charset=UTF-8","302","Found","HTTP Redirect","https://unpkg.com/axios@1.19.0/dist/axios.min.js"
"HTTP Redirect","1","false","https://offlimits.co.in/collections/women-running-shoes","true","https://unpkg.com/axios/dist/axios.min.js","https://unpkg.com/axios@1.19.0/dist/axios.min.js","Unknown","Not crawled","","","","","","//head/script[45]","Head","text/plain;charset=UTF-8","302","Found","HTTP Redirect","https://unpkg.com/axios@1.19.0/dist/axios.min.js"
"HTTP Redirect","1","false","https://offlimits.co.in/pages/technology","true","https://unpkg.com/axios/dist/axios.min.js","https://unpkg.com/axios@1.19.0/dist/axios.min.js","Unknown","Not crawled","","","","","","//head/script[41]","Head","text/plain;charset=UTF-8","302","Found","HTTP Redirect","https://unpkg.com/axios@1.19.0/dist/axios.min.js"
"HTTP Redirect","1","false","https://offlimits.co.in/collections/men-shorts","true","https://unpkg.com/axios/dist/axios.min.js","https://unpkg.com/axios@1.19.0/dist/axios.min.js","Unknown","Not crawled","","","","","","//head/script[36]","Head","text/plain;charset=UTF-8","302","Found","HTTP Redirect","https://unpkg.com/axios@1.19.0/dist/axios.min.js"
"HTTP Redirect","1","false","https://offlimits.co.in/collections/men-running-shoes","true","https://unpkg.com/axios/dist/axios.min.js","https://unpkg.com/axios@1.19.0/dist/axios.min.js","Unknown","Not crawled","","","","","","//head/script[68]","Head","text/plain;charset=UTF-8","302","Found","HTTP Redirect","https://unpkg.com/axios@1.19.0/dist/axios.min.js"
"HTTP Redirect","1","false","https://offlimits.co.in/collections/mens-running-gym-shoes/products/gladiator-light-grey-orm-661-06","true","https://unpkg.com/axios/dist/axios.min.js","https://unpkg.com/axios@1.19.0/dist/axios.min.js","Unknown","Not crawled","","","","","","//head/script[72]","Head","text/plain;charset=UTF-8","302","Found","HTTP Redirect","https://unpkg.com/axios@1.19.0/dist/axios.min.js"
"HTTP Redirect","1","false","https://offlimits.co.in/collections/low-top-shoes-for-men/products/speed-cat-crazy-horse-tan-ocm-062-04","true","https://unpkg.com/axios/dist/axios.min.js","https://unpkg.com/axios@1.19.0/dist/axios.min.js","Unknown","Not crawled","","","","","","//head/script[36]","Head","text/plain;charset=UTF-8","302","Found","HTTP Redirect","https://unpkg.com/axios@1.19.0/dist/axios.min.js"
"HTTP Redirect","1","false","https://offlimits.co.in/collections/men-lifestyle-recover-kicks/products/magnum-black-ocm-750-02","true","https://unpkg.com/axios/dist/axios.min.js","https://unpkg.com/axios@1.19.0/dist/axios.min.js","Unknown","Not crawled","","","","","","//head/script[43]","Head","text/plain;charset=UTF-8","302","Found","HTTP Redirect","https://unpkg.com/axios@1.19.0/dist/axios.min.js"
"HTTP Redirect","1","false","https://offlimits.co.in/collections/men-lifestyle-recover-kicks/products/stussy-brown-orm-407-40","true","https://unpkg.com/axios/dist/axios.min.js","https://unpkg.com/axios@1.19.0/dist/axios.min.js","Unknown","Not crawled","","","","","","//head/script[46]","Head","text/plain;charset=UTF-8","302","Found","HTTP Redirect","https://unpkg.com/axios@1.19.0/dist/axios.min.js"
"HTTP Redirect","1","false","https://offlimits.co.in/collections/men-lifestyle-recover-kicks/products/tribe-x-black-matte-ocm-769-02","true","https://unpkg.com/axios/dist/axios.min.js","https://unpkg.com/axios@1.19.0/dist/axios.min.js","Unknown","Not crawled","","","","","","//head/script[46]","Head","text/plain;charset=UTF-8","302","Found","HTTP Redirect","https://unpkg.com/axios@1.19.0/dist/axios.min.js"
"HTTP Redirect","1","false","https://offlimits.co.in/collections/women-running-shoes/products/pulsara-for-her-off-white-pink-orw-889-02","true","https://unpkg.com/axios/dist/axios.min.js","https://unpkg.com/axios@1.19.0/dist/axios.min.js","Unknown","Not crawled","","","","","","//head/script[40]","Head","text/plain;charset=UTF-8","302","Found","HTTP Redirect","https://unpkg.com/axios@1.19.0/dist/axios.min.js"
"HTTP Redirect","1","false","https://offlimits.co.in/collections/women-running-shoes/products/speedster-for-her-off-white-light-grey-orw-730-06","true","https://unpkg.com/axios/dist/axios.min.js","https://unpkg.com/axios@1.19.0/dist/axios.min.js","Unknown","Not crawled","","","","","","//head/script[75]","Head","text/plain;charset=UTF-8","302","Found","HTTP Redirect","https://unpkg.com/axios@1.19.0/dist/axios.min.js"
"HTTP Redirect","1","false","https://offlimits.co.in/collections/men-shorts/products/mens-pol-cns-mesh-shorts-obm-77-01","true","https://unpkg.com/axios/dist/axios.min.js","https://unpkg.com/axios@1.19.0/dist/axios.min.js","Unknown","Not crawled","","","","","","//head/script[38]","Head","text/plain;charset=UTF-8","302","Found","HTTP Redirect","https://unpkg.com/axios@1.19.0/dist/axios.min.js"
"HTTP Redirect","1","false","https://offlimits.co.in/collections/men-running-shoes/products/gladiator-off-white-orm-661-02","true","https://unpkg.com/axios/dist/axios.min.js","https://unpkg.com/axios@1.19.0/dist/axios.min.js","Unknown","Not crawled","","","","","","//head/script[78]","Head","text/plain;charset=UTF-8","302","Found","HTTP Redirect","https://unpkg.com/axios@1.19.0/dist/axios.min.js"
"HTTP Redirect","1","false","https://offlimits.co.in/collections/men-running-shoes/products/gladiator-off-white-beige-orm-661-17","true","https://unpkg.com/axios/dist/axios.min.js","https://unpkg.com/axios@1.19.0/dist/axios.min.js","Unknown","Not crawled","","","","","","//head/script[75]","Head","text/plain;charset=UTF-8","302","Found","HTTP Redirect","https://unpkg.com/axios@1.19.0/dist/axios.min.js"
