url,normalized_url,status,status_code,content_type,indexable,canonical,title,meta_description,h1_count,word_count,internal_link_count,external_link_count,image_count,images_missing_alt_count,schema_types,depth,parent_url,source,in_sitemap,artifact_dir,blocker,last_seen
https://inc5shop.com/,https://inc5shop.com/,success,200,text/html; charset=utf-8,yes,https://inc5shop.com/,Exclusive Fashion Footwear Online - Inc 5 Shoes Exclusive Fashion Footwear Online - Inc 5 Shoes,Inc.5 Shoes is an exclusive fashion footwear brand. From classy boots for men to trendy heels for the ladies. Get your favourites delivered right to your doorstep. Women Western Wear. Ethnic Wear. Men Footwear. Men Casual Wear.,2,52114,57,7,70,10,"Organization, SearchAction, WebSite",0,,seed;sitemap;internal_link,yes,brands/inc5/references/crawls/inc5-systemic-audit-public-html-20260709/pages/8e5a67d82bc4,,2026-07-09T14:09:32+00:00
https://inc5shop.com/agents.md,https://inc5shop.com/agents.md,success,200,text/markdown; charset=utf-8,yes,,,,0,1252,0,0,0,0,,0,,sitemap,yes,brands/inc5/references/crawls/inc5-systemic-audit-public-html-20260709/pages/3c4d9bb37d00,,2026-07-09T14:09:32+00:00
https://inc5shop.com/products/block-heel-boots,https://inc5shop.com/products/block-heel-boots,success,200,text/html; charset=utf-8,yes,https://inc5shop.com/products/block-heel-boots,Buy Women’s Block Heel Boots – Modern Chic & Comfort | INC.5 Buy Women’s Block Heel Boots – Modern Chic & Comfort | INC.5,"INC.5 block heel boots offer a sleek, versatile silhouette, perfect for urban outings or casual weekends. Buy comfort-driven fashion to elevate any wardrobe.",2,62848,50,7,22,10,"Brand, Offer, Organization, Product, ProductGroup",0,,sitemap;internal_link,yes,brands/inc5/references/crawls/inc5-systemic-audit-public-html-20260709/pages/3382a8d12f56,,2026-07-09T14:09:38+00:00
https://inc5shop.com/products/block-transparent-mules-white-300385,https://inc5shop.com/products/block-transparent-mules-white-300385,success,200,text/html; charset=utf-8,yes,https://inc5shop.com/products/block-transparent-mules-white-300385,Buy White Block Transparent Mules – Modern Minimalism | INC.5 Buy White Block Transparent Mules – Modern Minimalism | INC.5,"INC.5 white transparent block mules blend airy design and walkable comfort, perfect for fresh summer looks or chic occasions. Shop this versatile style now.",2,64612,50,7,22,2,"Brand, Offer, Organization, Product, ProductGroup",0,,sitemap;internal_link,yes,brands/inc5/references/crawls/inc5-systemic-audit-public-html-20260709/pages/0d5ad55b5bed,,2026-07-09T14:09:44+00:00
https://inc5shop.com/products/driving-shoes-tan-069-1b,https://inc5shop.com/products/driving-shoes-tan-069-1b,success,200,text/html; charset=utf-8,yes,https://inc5shop.com/products/driving-shoes-tan-069-1b,Buy Now driving-shoes-tan-069-1b Buy Now driving-shoes-tan-069-1b,"Shape smarter looks instantly using tan driving shoes, for smart offices and refined casual settings, for travel-ready plans, graceful. Make formals feel fresh.",2,60292,50,7,26,2,"Brand, Offer, Organization, Product, ProductGroup",0,,sitemap;internal_link,yes,brands/inc5/references/crawls/inc5-systemic-audit-public-html-20260709/pages/6d50dee6b57c,,2026-07-09T14:09:41+00:00
https://inc5shop.com/products/driving-shoes-tan-763-13,https://inc5shop.com/products/driving-shoes-tan-763-13,success,200,text/html; charset=utf-8,yes,https://inc5shop.com/products/driving-shoes-tan-763-13,Buy Now driving-shoes-tan-763-13 Buy Now driving-shoes-tan-763-13,"Experience comfort and class with INC5 Tan 763-13 Driving Shoes. Soft interiors, premium grip, and elegant design crafted for men who value relaxed sophistication.",2,59746,50,7,22,2,"Brand, Offer, Organization, Product, ProductGroup",0,,sitemap;internal_link,yes,brands/inc5/references/crawls/inc5-systemic-audit-public-html-20260709/pages/1cd2980a67b1,,2026-07-09T14:09:41+00:00
https://inc5shop.com/products/flat-embroided-toe-post-1,https://inc5shop.com/products/flat-embroided-toe-post-1,success,200,text/html; charset=utf-8,yes,https://inc5shop.com/products/flat-embroided-toe-post-1,Women Rose Gold Embellished One Toe Flats Women Rose Gold Embellished One Toe Flats,"Give compact storage a sleek touch with footwear, for cards and tiny bags, with crisp structure, with crisp structure, clean and refined. Cover ankles in style.",2,63746,50,7,22,0,"Brand, Offer, Organization, Product, ProductGroup",0,,sitemap;internal_link,yes,brands/inc5/references/crawls/inc5-systemic-audit-public-html-20260709/pages/10b0eea2f32e,,2026-07-09T14:09:36+00:00
https://inc5shop.com/products/formal-slippons-coffee-909-106b123,https://inc5shop.com/products/formal-slippons-coffee-909-106b123,success,200,text/html; charset=utf-8,yes,https://inc5shop.com/products/formal-slippons-coffee-909-106b123,Buy Now formal-slippons-coffee-909-106b123 Buy Now formal-slippons-coffee-909-106b123,"Refined and stylish, INC5 Coffee Formal Slip-ons feature premium craftsmanship, cushioned comfort, and elegant texture—ideal for work or formal occasions.",2,59722,50,7,22,2,"Brand, Offer, Organization, Product, ProductGroup",0,,sitemap;internal_link,yes,brands/inc5/references/crawls/inc5-systemic-audit-public-html-20260709/pages/fa4d1acc18a6,,2026-07-09T14:09:42+00:00
https://inc5shop.com/products/formal-slippons-tan-909-106d88,https://inc5shop.com/products/formal-slippons-tan-909-106d88,success,200,text/html; charset=utf-8,yes,https://inc5shop.com/products/formal-slippons-tan-909-106d88,Buy Now formal-slippons-tan-909-106d88 Buy Now formal-slippons-tan-909-106d88,"Step confidently in INC5 Tan Formal Slip-ons. Polished design meets comfort, offering the perfect blend of sophistication and durability for work or evening occasions.",2,59838,50,7,26,2,"Brand, Offer, Organization, Product, ProductGroup",0,,sitemap;internal_link,yes,brands/inc5/references/crawls/inc5-systemic-audit-public-html-20260709/pages/a0fc13bff823,,2026-07-09T14:09:42+00:00
https://inc5shop.com/products/formal-slippons-tan-a454-10,https://inc5shop.com/products/formal-slippons-tan-a454-10,success,200,text/html; charset=utf-8,yes,https://inc5shop.com/products/formal-slippons-tan-a454-10,Buy Now formal-slippons-tan-a454-10 Buy Now formal-slippons-tan-a454-10,"Lift festive attire gracefully with tan formal slip-ons, for lehengas, kurtas and celebrations, for wardrobe variety, refined and modern. Shape a clean profile.",2,59598,50,7,22,2,"Brand, Offer, Organization, Product, ProductGroup",0,,sitemap;internal_link,yes,brands/inc5/references/crawls/inc5-systemic-audit-public-html-20260709/pages/f04068f9260c,,2026-07-09T14:09:43+00:00
https://inc5shop.com/products/mens-brown-formal-sandal-1,https://inc5shop.com/products/mens-brown-formal-sandal-1,success,200,text/html; charset=utf-8,yes,https://inc5shop.com/products/mens-brown-formal-sandal-1,Buy Now mens-brown-formal-sandal-1 Buy Now mens-brown-formal-sandal-1,"Polish outfits with brown formal solid sandals, made for city comfort with a composed silhouette; helps every outfit feel ready, refined and confidently styled.",2,61660,50,7,26,2,"Brand, Offer, Organization, Product, ProductGroup",0,,sitemap;internal_link,yes,brands/inc5/references/crawls/inc5-systemic-audit-public-html-20260709/pages/e8852fdb1d1a,,2026-07-09T14:09:33+00:00
https://inc5shop.com/products/office-lace-up-black-7,https://inc5shop.com/products/office-lace-up-black-7,success,200,text/html; charset=utf-8,yes,https://inc5shop.com/products/office-lace-up-black-7,Buy Now office-lace-up-black-7 Buy Now office-lace-up-black-7,"Choose clean design in black lace-up footwear for men, a modern choice for office wear, made to fit family functions with confident movement for confident wear.",2,60768,50,7,26,2,"Brand, Offer, Organization, Product, ProductGroup",0,,sitemap;internal_link,yes,brands/inc5/references/crawls/inc5-systemic-audit-public-html-20260709/pages/9bad01542ff0,,2026-07-09T14:09:40+00:00
https://inc5shop.com/products/office-lace-up-wine,https://inc5shop.com/products/office-lace-up-wine,success,200,text/html; charset=utf-8,yes,https://inc5shop.com/products/office-lace-up-wine,Buy Now office-lace-up-wine Buy Now office-lace-up-wine,"Introduce texture through wine lace-up footwear for men, a dressy choice for office wear, planned for smart casual outfits with sleek appeal for confident wear.",2,60710,50,7,26,2,"Brand, Offer, Organization, Product, ProductGroup",0,,sitemap;internal_link,yes,brands/inc5/references/crawls/inc5-systemic-audit-public-html-20260709/pages/db510b351b0f,,2026-07-09T14:09:40+00:00
https://inc5shop.com/products/office-shoes-14,https://inc5shop.com/products/office-shoes-14,success,200,text/html; charset=utf-8,yes,https://inc5shop.com/products/office-shoes-14,Buy Womens Black Solid Block Pumps With Upper Chain Detials Buy Womens Black Solid Block Pumps With Upper Chain Detials,"Start the day stylishly with stylish shoes for men, a classic choice for office wear, made to fit traditional attire with confident movement for confident wear.",2,63806,50,7,22,0,"Brand, Offer, Organization, Product, ProductGroup",0,,sitemap;internal_link,yes,brands/inc5/references/crawls/inc5-systemic-audit-public-html-20260709/pages/ef3c72c7fca7,,2026-07-09T14:09:37+00:00
https://inc5shop.com/products/office-shoes-15,https://inc5shop.com/products/office-shoes-15,success,200,text/html; charset=utf-8,yes,https://inc5shop.com/products/office-shoes-15,Women Grey Solid Block Pumps with Chain Upper Detail Women Grey Solid Block Pumps with Chain Upper Detail,"Work in style with INC5 Office Shoes. Crafted for durability and day-long comfort, they’re the perfect choice for polished, professional appeal.",2,63828,50,7,22,0,"Brand, Offer, Organization, Product, ProductGroup",0,,sitemap;internal_link,yes,brands/inc5/references/crawls/inc5-systemic-audit-public-html-20260709/pages/437bad78a51f,,2026-07-09T14:09:37+00:00
https://inc5shop.com/products/office-shoes-26,https://inc5shop.com/products/office-shoes-26,success,200,text/html; charset=utf-8,yes,https://inc5shop.com/products/office-shoes-26,Women Black Pointed Toe Block Pumps With Buckles Details Women Black Pointed Toe Block Pumps With Buckles Details,"Style celebrations around stylish shoes for men, a neat choice for office wear, easy to pair with festive gatherings with confident movement for confident wear.",2,63446,50,7,22,2,"Brand, Offer, Organization, Product, ProductGroup",0,,sitemap;internal_link,yes,brands/inc5/references/crawls/inc5-systemic-audit-public-html-20260709/pages/6c3683045b46,,2026-07-09T14:09:39+00:00
https://inc5shop.com/products/office-shoes-27,https://inc5shop.com/products/office-shoes-27,success,200,text/html; charset=utf-8,yes,https://inc5shop.com/products/office-shoes-27,Women White Pointed Toe Block Pumps With Buckles Details Women White Pointed Toe Block Pumps With Buckles Details,"Give your lineup stylish shoes for men, a stylish choice for office wear, pairing well with after-hours plans while keeping confident movement with neat detail.",2,63680,50,7,22,0,"Brand, Offer, Organization, Product, ProductGroup",0,,sitemap;internal_link,yes,brands/inc5/references/crawls/inc5-systemic-audit-public-html-20260709/pages/e5ecb63d22c9,,2026-07-09T14:09:39+00:00
https://inc5shop.com/products/office-shoes-4,https://inc5shop.com/products/office-shoes-4,success,200,text/html; charset=utf-8,yes,https://inc5shop.com/products/office-shoes-4,Woman Black Solid Block Pumps Woman Black Solid Block Pumps,"Keep your stride easy in stylish shoes for men, a lightweight choice for office wear, planned for festive gatherings with confident movement for confident wear.",2,63316,50,7,22,2,"Brand, Offer, Organization, Product, ProductGroup",0,,sitemap;internal_link,yes,brands/inc5/references/crawls/inc5-systemic-audit-public-html-20260709/pages/be1997194329,,2026-07-09T14:09:35+00:00
https://inc5shop.com/products/office-shoes-6,https://inc5shop.com/products/office-shoes-6,success,200,text/html; charset=utf-8,yes,https://inc5shop.com/products/office-shoes-6,Shop Womens Solid Block Pumps In Black Colour With Upper Chain Details Shop Womens Solid Block Pumps In Black Colour With Upper Chain Details,"Make weekday dressing simpler with stylish shoes for men, a elegant choice for office wear, made to fit holiday edits with confident movement from day to night.",2,63878,50,7,22,0,"Brand, Offer, Organization, Product, ProductGroup",0,,sitemap;internal_link,yes,brands/inc5/references/crawls/inc5-systemic-audit-public-html-20260709/pages/9cf44afed74b,,2026-07-09T14:09:35+00:00
https://inc5shop.com/products/suede-boots,https://inc5shop.com/products/suede-boots,success,200,text/html; charset=utf-8,yes,https://inc5shop.com/products/suede-boots,Suede Boots Suede Boots,"Walk with subtle flair in stylish suede boots for men, a balanced choice for everyday wear, made to fit summer styling with balanced comfort for confident wear.",2,61978,50,7,22,2,"Brand, Offer, Organization, Product, ProductGroup",0,,sitemap;internal_link,yes,brands/inc5/references/crawls/inc5-systemic-audit-public-html-20260709/pages/48c846d828de,,2026-07-09T14:09:38+00:00
https://inc5shop.com/products/transparent-block-heel-mules,https://inc5shop.com/products/transparent-block-heel-mules,success,200,text/html; charset=utf-8,yes,https://inc5shop.com/products/transparent-block-heel-mules,Women Black Transparent Block Heels Women Black Transparent Block Heels,"Give smart-casual looks stylish transparent mules for women, a sharp choice for everyday wear, made to fit relaxed days with balanced comfort from day to night.",2,63854,50,7,22,2,"Brand, Offer, Organization, Product, ProductGroup",0,,sitemap;internal_link,yes,brands/inc5/references/crawls/inc5-systemic-audit-public-html-20260709/pages/864bbf00c812,,2026-07-09T14:09:34+00:00
https://inc5shop.com/products/transparent-block-heel-mules-1,https://inc5shop.com/products/transparent-block-heel-mules-1,success,200,text/html; charset=utf-8,yes,https://inc5shop.com/products/transparent-block-heel-mules-1,Women Gun Metal Transparent Block Heels Women Gun Metal Transparent Block Heels,"Keep ethnic outfits graceful with stylish transparent mules for women, a smart choice for everyday wear, planned for office looks with sleek appeal this season.",2,64720,50,7,22,2,"Brand, Offer, Organization, Product, ProductGroup",0,,sitemap;internal_link,yes,brands/inc5/references/crawls/inc5-systemic-audit-public-html-20260709/pages/69c1d891f79d,,2026-07-09T14:09:34+00:00
https://inc5shop.com/products/tri-band-velcro-sandal-brown-1,https://inc5shop.com/products/tri-band-velcro-sandal-brown-1,success,200,text/html; charset=utf-8,yes,https://inc5shop.com/products/tri-band-velcro-sandal-brown-1,Buy Now tri-band-velcro-sandal-brown-1 Buy Now tri-band-velcro-sandal-brown-1,"Discover refined comfort with INC.5 Men’s Tan Tri-Band Velcro Sandal — sleek leather design, easy adjust fit and perfect for laid-back sophistication.",2,60776,50,7,18,2,"Brand, Offer, Organization, Product, ProductGroup",0,,sitemap;internal_link,yes,brands/inc5/references/crawls/inc5-systemic-audit-public-html-20260709/pages/31a693769d8f,,2026-07-09T14:09:33+00:00
https://inc5shop.com/products/vedge-heel-embroided-toe-post-600399ant-gold,https://inc5shop.com/products/vedge-heel-embroided-toe-post-600399ant-gold,success,200,text/html; charset=utf-8,yes,https://inc5shop.com/products/vedge-heel-embroided-toe-post-600399ant-gold,Women Ant Gold Embellished Ethnic Wedge Sandals Women Ant Gold Embellished Ethnic Wedge Sandals,"Add sleek confidence using antique gold heels for men, a sleek choice for everyday wear, made to fit evening outings with confident movement for confident wear.",2,64020,50,7,22,0,"Brand, Offer, Organization, Product, ProductGroup",0,,sitemap;internal_link,yes,brands/inc5/references/crawls/inc5-systemic-audit-public-html-20260709/pages/126ebbac5e36,,2026-07-09T14:09:43+00:00
https://inc5shop.com/products/vedge-heel-embroided-toe-post-600399sultan,https://inc5shop.com/products/vedge-heel-embroided-toe-post-600399sultan,success,200,text/html; charset=utf-8,yes,https://inc5shop.com/products/vedge-heel-embroided-toe-post-600399sultan,Women Rose Gold Embellished Ethnic Wedge Sandals Women Rose Gold Embellished Ethnic Wedge Sandals,"Frame evening style in stylish heels for men, a refined choice for everyday wear, easy to pair with festive gatherings with confident movement with neat detail.",2,65016,50,7,22,0,"Brand, Offer, Organization, Product, ProductGroup",0,,sitemap;internal_link,yes,brands/inc5/references/crawls/inc5-systemic-audit-public-html-20260709/pages/6d282cc4dc4f,,2026-07-09T14:09:44+00:00
